country,year,GDP per capita
Afghanistan,1990,1480
Afghanistan,1991,1360
Afghanistan,1992,1310
Afghanistan,1993,897
Afghanistan,1994,666
Afghanistan,1995,986
Afghanistan,1996,937
Afghanistan,1997,892
Afghanistan,1998,854
Afghanistan,1999,815
Afghanistan,2000,791
Afghanistan,2001,772
Afghanistan,2002,1260
Afghanistan,2003,1280
Afghanistan,2004,1260
Afghanistan,2005,1350
Afghanistan,2006,1370
Afghanistan,2007,1540
Afghanistan,2008,1560
Afghanistan,2009,1830
Afghanistan,2010,2030
Angola,1990,4210
Angola,1991,4250
Angola,1992,3990
Angola,1993,3020
Angola,1994,3040
Angola,1995,3470
Angola,1996,3900
Angola,1997,4140
Angola,1998,4270
Angola,1999,4310
Angola,2000,4370
Angola,2001,4480
Angola,2002,4990
Angola,2003,5030
Angola,2004,5440
Angola,2005,6100
Angola,2006,6630
Angola,2007,7340
Angola,2008,7870
Angola,2009,7640
Angola,2010,7690
Albania,1990,5020
Albania,1991,3650
Albania,1992,3430
Albania,1993,3770
Albania,1994,4090
Albania,1995,4600
Albania,1996,5020
Albania,1997,4490
Albania,1998,4910
Albania,1999,5580
Albania,2000,6000
Albania,2001,6550
Albania,2002,6870
Albania,2003,7270
Albania,2004,7690
Albania,2005,8140
Albania,2006,8660
Albania,2007,9220
Albania,2008,9960
Albania,2009,10.3k
Albania,2010,10.8k
Andorra,1990,42.7k
Andorra,1991,42.2k
Andorra,1992,41k
Andorra,1993,39.3k
Andorra,1994,39.2k
Andorra,1995,39.6k
Andorra,1996,41.2k
Andorra,1997,45.2k
Andorra,1998,46.9k
Andorra,1999,48.7k
Andorra,2000,48.3k
Andorra,2001,48.6k
Andorra,2002,48.8k
Andorra,2003,52.9k
Andorra,2004,55.8k
Andorra,2005,61.2k
Andorra,2006,65.9k
Andorra,2007,67.1k
Andorra,2008,64.1k
Andorra,2009,64.6k
Andorra,2010,60.5k
United Arab Emirates,1990,74.5k
United Arab Emirates,1991,74.2k
United Arab Emirates,1992,75.2k
United Arab Emirates,1993,75.1k
United Arab Emirates,1994,79.2k
United Arab Emirates,1995,83.3k
United Arab Emirates,1996,85.8k
United Arab Emirates,1997,89.6k
United Arab Emirates,1998,86.7k
United Arab Emirates,1999,86k
United Arab Emirates,2000,92k
United Arab Emirates,2001,89.9k
United Arab Emirates,2002,88.7k
United Arab Emirates,2003,92.8k
United Arab Emirates,2004,97.6k
United Arab Emirates,2005,95.8k
United Arab Emirates,2006,92.4k
United Arab Emirates,2007,79.9k
United Arab Emirates,2008,69.4k
United Arab Emirates,2009,57.4k
United Arab Emirates,2010,54.7k
Argentina,1990,14.2k
Argentina,1991,15.3k
Argentina,1992,16.4k
Argentina,1993,17.4k
Argentina,1994,18.2k
Argentina,1995,17.5k
Argentina,1996,18.2k
Argentina,1997,19.5k
Argentina,1998,20k
Argentina,1999,19.1k
Argentina,2000,18.7k
Argentina,2001,17.7k
Argentina,2002,15.6k
Argentina,2003,16.8k
Argentina,2004,18.1k
Argentina,2005,19.5k
Argentina,2006,20.8k
Argentina,2007,22.4k
Argentina,2008,23.1k
Argentina,2009,21.4k
Argentina,2010,23.5k
Armenia,1990,6770
Armenia,1991,5750
Armenia,1992,3330
Armenia,1993,3040
Armenia,1994,3240
Armenia,1995,3460
Armenia,1996,3620
Armenia,1997,3710
Armenia,1998,3940
Armenia,1999,4050
Armenia,2000,4270
Armenia,2001,4670
Armenia,2002,5280
Armenia,2003,5990
Armenia,2004,6590
Armenia,2005,7480
Armenia,2006,8460
Armenia,2007,9620
Armenia,2008,10.3k
Armenia,2009,8850
Armenia,2010,9070
Antigua and Barbuda,1990,17.4k
Antigua and Barbuda,1991,17.6k
Antigua and Barbuda,1992,17.4k
Antigua and Barbuda,1993,17.8k
Antigua and Barbuda,1994,18.5k
Antigua and Barbuda,1995,17.3k
Antigua and Barbuda,1996,17.9k
Antigua and Barbuda,1997,18.4k
Antigua and Barbuda,1998,18.8k
Antigua and Barbuda,1999,19k
Antigua and Barbuda,2000,19.8k
Antigua and Barbuda,2001,18.4k
Antigua and Barbuda,2002,18.3k
Antigua and Barbuda,2003,19k
Antigua and Barbuda,2004,19.8k
Antigua and Barbuda,2005,20.7k
Antigua and Barbuda,2006,22.9k
Antigua and Barbuda,2007,24.5k
Antigua and Barbuda,2008,24k
Antigua and Barbuda,2009,20.7k
Antigua and Barbuda,2010,18.7k
Australia,1990,32.9k
Australia,1991,32.2k
Australia,1992,32.2k
Australia,1993,33.1k
Australia,1994,34.1k
Australia,1995,34.9k
Australia,1996,35.7k
Australia,1997,36.6k
Australia,1998,37.9k
Australia,1999,39.1k
Australia,2000,40.1k
Australia,2001,40.2k
Australia,2002,41.2k
Australia,2003,41.9k
Australia,2004,43k
Australia,2005,43.7k
Australia,2006,44.1k
Australia,2007,44.7k
Australia,2008,45.2k
Australia,2009,44.9k
Australia,2010,45k
Austria,1990,37.5k
Austria,1991,38.4k
Austria,1992,38.8k
Austria,1993,38.7k
Austria,1994,39.6k
Austria,1995,40.6k
Austria,1996,41.5k
Austria,1997,42.3k
Austria,1998,43.8k
Austria,1999,45.3k
Austria,2000,46.7k
Austria,2001,47.1k
Austria,2002,47.7k
Austria,2003,47.9k
Austria,2004,48.9k
Austria,2005,49.6k
Austria,2006,51k
Austria,2007,52.7k
Austria,2008,53.3k
Austria,2009,51.1k
Austria,2010,51.8k
Azerbaijan,1990,8290
Azerbaijan,1991,8110
Azerbaijan,1992,6180
Azerbaijan,1993,4670
Azerbaijan,1994,3690
Azerbaijan,1995,3200
Azerbaijan,1996,3210
Azerbaijan,1997,3370
Azerbaijan,1998,3630
Azerbaijan,1999,3870
Azerbaijan,2000,4220
Azerbaijan,2001,4570
Azerbaijan,2002,4930
Azerbaijan,2003,5380
Azerbaijan,2004,5800
Azerbaijan,2005,7310
Azerbaijan,2006,9670
Azerbaijan,2007,11.9k
Azerbaijan,2008,12.8k
Azerbaijan,2009,13.7k
Azerbaijan,2010,14.1k
Burundi,1990,1270
Burundi,1991,1300
Burundi,1992,1280
Burundi,1993,1230
Burundi,1994,1180
Burundi,1995,1020
Burundi,1996,928
Burundi,1997,908
Burundi,1998,928
Burundi,1999,892
Burundi,2000,862
Burundi,2001,855
Burundi,2002,865
Burundi,2003,826
Burundi,2004,832
Burundi,2005,807
Burundi,2006,818
Burundi,2007,814
Burundi,2008,817
Burundi,2009,804
Burundi,2010,804
Belgium,1990,36.2k
Belgium,1991,36.7k
Belgium,1992,37.1k
Belgium,1993,36.6k
Belgium,1994,37.6k
Belgium,1995,38.4k
Belgium,1996,38.8k
Belgium,1997,40.2k
Belgium,1998,40.8k
Belgium,1999,42.1k
Belgium,2000,43.5k
Belgium,2001,43.8k
Belgium,2002,44.3k
Belgium,2003,44.5k
Belgium,2004,45.9k
Belgium,2005,46.6k
Belgium,2006,47.4k
Belgium,2007,48.8k
Belgium,2008,48.5k
Belgium,2009,47.1k
Belgium,2010,48k
Benin,1990,2220
Benin,1991,2230
Benin,1992,2220
Benin,1993,2230
Benin,1994,2180
Benin,1995,2270
Benin,1996,2300
Benin,1997,2350
Benin,1998,2360
Benin,1999,2400
Benin,2000,2460
Benin,2001,2510
Benin,2002,2540
Benin,2003,2550
Benin,2004,2580
Benin,2005,2530
Benin,2006,2550
Benin,2007,2630
Benin,2008,2670
Benin,2009,2660
Benin,2010,2630
Burkina Faso,1990,1160
Burkina Faso,1991,1220
Burkina Faso,1992,1170
Burkina Faso,1993,1170
Burkina Faso,1994,1140
Burkina Faso,1995,1160
Burkina Faso,1996,1240
Burkina Faso,1997,1270
Burkina Faso,1998,1310
Burkina Faso,1999,1350
Burkina Faso,2000,1330
Burkina Faso,2001,1360
Burkina Faso,2002,1370
Burkina Faso,2003,1420
Burkina Faso,2004,1430
Burkina Faso,2005,1500
Burkina Faso,2006,1540
Burkina Faso,2007,1550
Burkina Faso,2008,1580
Burkina Faso,2009,1580
Burkina Faso,2010,1660
Bangladesh,1990,1630
Bangladesh,1991,1660
Bangladesh,1992,1720
Bangladesh,1993,1780
Bangladesh,1994,1820
Bangladesh,1995,1890
Bangladesh,1996,1950
Bangladesh,1997,2020
Bangladesh,1998,2090
Bangladesh,1999,2160
Bangladesh,2000,2240
Bangladesh,2001,2310
Bangladesh,2002,2370
Bangladesh,2003,2440
Bangladesh,2004,2540
Bangladesh,2005,2660
Bangladesh,2006,2810
Bangladesh,2007,2980
Bangladesh,2008,3130
Bangladesh,2009,3260
Bangladesh,2010,3400
Bulgaria,1990,12.5k
Bulgaria,1991,11.6k
Bulgaria,1992,10.9k
Bulgaria,1993,10.8k
Bulgaria,1994,11.1k
Bulgaria,1995,11.5k
Bulgaria,1996,11.8k
Bulgaria,1997,10.5k
Bulgaria,1998,11k
Bulgaria,1999,10.1k
Bulgaria,2000,10.7k
Bulgaria,2001,11.3k
Bulgaria,2002,12.2k
Bulgaria,2003,12.9k
Bulgaria,2004,13.8k
Bulgaria,2005,14.9k
Bulgaria,2006,16k
Bulgaria,2007,17.2k
Bulgaria,2008,18.3k
Bulgaria,2009,17.8k
Bulgaria,2010,18.2k
Bahrain,1990,24.8k
Bahrain,1991,27.2k
Bahrain,1992,29.3k
Bahrain,1993,32.9k
Bahrain,1994,33.2k
Bahrain,1995,34.5k
Bahrain,1996,35.8k
Bahrain,1997,36.8k
Bahrain,1998,38.5k
Bahrain,1999,40k
Bahrain,2000,41.9k
Bahrain,2001,42.6k
Bahrain,2002,43.7k
Bahrain,2003,45.3k
Bahrain,2004,45.9k
Bahrain,2005,45.9k
Bahrain,2006,45.7k
Bahrain,2007,46.5k
Bahrain,2008,46.5k
Bahrain,2009,45k
Bahrain,2010,45.6k
Bahamas,1990,37.9k
Bahamas,1991,35.5k
Bahamas,1992,33.4k
Bahamas,1993,32.7k
Bahamas,1994,33k
Bahamas,1995,33.8k
Bahamas,1996,34.5k
Bahamas,1997,35.9k
Bahamas,1998,34.2k
Bahamas,1999,37.4k
Bahamas,2000,38.3k
Bahamas,2001,38.6k
Bahamas,2002,39k
Bahamas,2003,37.9k
Bahamas,2004,37.6k
Bahamas,2005,38.2k
Bahamas,2006,38.5k
Bahamas,2007,38.4k
Bahamas,2008,36.9k
Bahamas,2009,34.7k
Bahamas,2010,34.7k
Bosnia and Herzegovina,1990,2610
Bosnia and Herzegovina,1991,2330
Bosnia and Herzegovina,1992,2060
Bosnia and Herzegovina,1993,1900
Bosnia and Herzegovina,1994,2120
Bosnia and Herzegovina,1995,2470
Bosnia and Herzegovina,1996,4270
Bosnia and Herzegovina,1997,5420
Bosnia and Herzegovina,1998,6100
Bosnia and Herzegovina,1999,6560
Bosnia and Herzegovina,2000,7190
Bosnia and Herzegovina,2001,7290
Bosnia and Herzegovina,2002,7600
Bosnia and Herzegovina,2003,7870
Bosnia and Herzegovina,2004,8390
Bosnia and Herzegovina,2005,8760
Bosnia and Herzegovina,2006,9280
Bosnia and Herzegovina,2007,9900
Bosnia and Herzegovina,2008,10.6k
Bosnia and Herzegovina,2009,10.4k
Bosnia and Herzegovina,2010,10.6k
Belarus,1990,10.5k
Belarus,1991,10.2k
Belarus,1992,9140
Belarus,1993,8340
Belarus,1994,7300
Belarus,1995,6480
Belarus,1996,6620
Belarus,1997,7340
Belarus,1998,7920
Belarus,1999,8150
Belarus,2000,8590
Belarus,2001,8970
Belarus,2002,9410
Belarus,2003,10.1k
Belarus,2004,11.2k
Belarus,2005,12.3k
Belarus,2006,13.5k
Belarus,2007,14.6k
Belarus,2008,16.1k
Belarus,2009,16.1k
Belarus,2010,17.3k
Belize,1990,6590
Belize,1991,7190
Belize,1992,7880
Belize,1993,8200
Belize,1994,8030
Belize,1995,7870
Belize,1996,7700
Belize,1997,7690
Belize,1998,7700
Belize,1999,8090
Belize,2000,8830
Belize,2001,8980
Belize,2002,9130
Belize,2003,9670
Belize,2004,9810
Belize,2005,9720
Belize,2006,9850
Belize,2007,9860
Belize,2008,9440
Belize,2009,9120
Belize,2010,8990
Bolivia,1990,4550
Bolivia,1991,4690
Bolivia,1992,4660
Bolivia,1993,4760
Bolivia,1994,4880
Bolivia,1995,5000
Bolivia,1996,5120
Bolivia,1997,5270
Bolivia,1998,5430
Bolivia,1999,5340
Bolivia,2000,5370
Bolivia,2001,5360
Bolivia,2002,5390
Bolivia,2003,5430
Bolivia,2004,5560
Bolivia,2005,5700
Bolivia,2006,5860
Bolivia,2007,6010
Bolivia,2008,6260
Bolivia,2009,6360
Bolivia,2010,6500
Brazil,1990,10.5k
Brazil,1991,10.5k
Brazil,1992,10.3k
Brazil,1993,10.6k
Brazil,1994,11.1k
Brazil,1995,11.4k
Brazil,1996,11.5k
Brazil,1997,11.7k
Brazil,1998,11.6k
Brazil,1999,11.5k
Brazil,2000,11.8k
Brazil,2001,11.8k
Brazil,2002,12k
Brazil,2003,12k
Brazil,2004,12.5k
Brazil,2005,12.7k
Brazil,2006,13.1k
Brazil,2007,13.7k
Brazil,2008,14.2k
Brazil,2009,14k
Brazil,2010,14.8k
Barbados,1990,15.1k
Barbados,1991,14.4k
Barbados,1992,13.5k
Barbados,1993,13.4k
Barbados,1994,13.6k
Barbados,1995,13.8k
Barbados,1996,14.2k
Barbados,1997,14.8k
Barbados,1998,15.2k
Barbados,1999,15.2k
Barbados,2000,15.8k
Barbados,2001,15.3k
Barbados,2002,15.3k
Barbados,2003,15.6k
Barbados,2004,15.7k
Barbados,2005,16.2k
Barbados,2006,17.1k
Barbados,2007,17.4k
Barbados,2008,17.4k
Barbados,2009,16.5k
Barbados,2010,16k
Brunei,1990,81.5k
Brunei,1991,81k
Brunei,1992,81.9k
Brunei,1993,79.4k
Brunei,1994,79.3k
Brunei,1995,80.2k
Brunei,1996,80k
Brunei,1997,76.5k
Brunei,1998,73.9k
Brunei,1999,74k
Brunei,2000,74k
Brunei,2001,74k
Brunei,2002,74.8k
Brunei,2003,75k
Brunei,2004,73.5k
Brunei,2005,72k
Brunei,2006,73.5k
Brunei,2007,71.9k
Brunei,2008,68.9k
Brunei,2009,66.2k
Brunei,2010,66.5k
Bhutan,1990,2880
Bhutan,1991,2820
Bhutan,1992,3030
Bhutan,1993,3200
Bhutan,1994,3350
Bhutan,1995,3540
Bhutan,1996,3670
Bhutan,1997,3790
Bhutan,1998,3940
Bhutan,1999,4140
Bhutan,2000,4180
Bhutan,2001,4400
Bhutan,2002,4750
Bhutan,2003,4990
Bhutan,2004,5150
Bhutan,2005,5400
Bhutan,2006,5680
Bhutan,2007,6630
Bhutan,2008,6850
Bhutan,2009,7210
Bhutan,2010,7960
Botswana,1990,8590
Botswana,1991,9050
Botswana,1992,9130
Botswana,1993,9100
Botswana,1994,9240
Botswana,1995,9690
Botswana,1996,10.1k
Botswana,1997,10.7k
Botswana,1998,10.6k
Botswana,1999,11.4k
Botswana,2000,11.4k
Botswana,2001,11.3k
Botswana,2002,11.8k
Botswana,2003,12.1k
Botswana,2004,12.2k
Botswana,2005,12.6k
Botswana,2006,13.4k
Botswana,2007,13.9k
Botswana,2008,14k
Botswana,2009,11.8k
Botswana,2010,12.7k
Central African Republic,1990,1260
Central African Republic,1991,1220
Central African Republic,1992,1120
Central African Republic,1993,1080
Central African Republic,1994,1100
Central African Republic,1995,1140
Central African Republic,1996,1050
Central African Republic,1997,1080
Central African Republic,1998,1090
Central African Republic,1999,1100
Central African Republic,2000,1050
Central African Republic,2001,1060
Central African Republic,2002,1070
Central African Republic,2003,982
Central African Republic,2004,1010
Central African Republic,2005,999
Central African Republic,2006,1020
Central African Republic,2007,1050
Central African Republic,2008,1040
Central African Republic,2009,1110
Central African Republic,2010,1130
Canada,1990,36.5k
Canada,1991,35.2k
Canada,1992,35k
Canada,1993,35.5k
Canada,1994,36.6k
Canada,1995,37.1k
Canada,1996,37.2k
Canada,1997,38.4k
Canada,1998,39.4k
Canada,1999,41k
Canada,2000,42.6k
Canada,2001,42.8k
Canada,2002,43.5k
Canada,2003,43.8k
Canada,2004,44.6k
Canada,2005,45.4k
Canada,2006,46k
Canada,2007,46.4k
Canada,2008,46.2k
Canada,2009,44.2k
Canada,2010,44.9k
Switzerland,1990,54.1k
Switzerland,1991,53.3k
Switzerland,1992,53.1k
Switzerland,1993,52.9k
Switzerland,1994,53.5k
Switzerland,1995,53.7k
Switzerland,1996,53.9k
Switzerland,1997,55.3k
Switzerland,1998,57k
Switzerland,1999,57.9k
Switzerland,2000,60k
Switzerland,2001,60.7k
Switzerland,2002,60.3k
Switzerland,2003,59.9k
Switzerland,2004,61.2k
Switzerland,2005,62.5k
Switzerland,2006,64.6k
Switzerland,2007,66.5k
Switzerland,2008,67.4k
Switzerland,2009,64.9k
Switzerland,2010,66.1k
Chile,1990,10.8k
Chile,1991,11.4k
Chile,1992,12.4k
Chile,1993,12.9k
Chile,1994,13.3k
Chile,1995,14.2k
Chile,1996,14.9k
Chile,1997,15.7k
Chile,1998,16k
Chile,1999,15.6k
Chile,2000,16.1k
Chile,2001,16.4k
Chile,2002,16.6k
Chile,2003,17.1k
Chile,2004,18k
Chile,2005,18.8k
Chile,2006,19.6k
Chile,2007,20.4k
Chile,2008,20.8k
Chile,2009,20.3k
Chile,2010,21.2k
China,1990,1930
China,1991,2020
China,1992,2210
China,1993,2430
China,1994,2660
China,1995,2860
China,1996,3060
China,1997,3240
China,1998,3380
China,1999,3560
China,2000,3780
China,2001,4020
China,2002,4320
China,2003,4660
China,2004,5050
China,2005,5550
China,2006,6160
China,2007,6940
China,2008,7500
China,2009,8120
China,2010,8880
Cote d'Ivoire,1990,3820
Cote d'Ivoire,1991,3720
Cote d'Ivoire,1992,3620
Cote d'Ivoire,1993,3520
Cote d'Ivoire,1994,3450
Cote d'Ivoire,1995,3590
Cote d'Ivoire,1996,3770
Cote d'Ivoire,1997,4000
Cote d'Ivoire,1998,4080
Cote d'Ivoire,1999,4040
Cote d'Ivoire,2000,3930
Cote d'Ivoire,2001,3780
Cote d'Ivoire,2002,3610
Cote d'Ivoire,2003,3380
Cote d'Ivoire,2004,3410
Cote d'Ivoire,2005,3380
Cote d'Ivoire,2006,3400
Cote d'Ivoire,2007,3370
Cote d'Ivoire,2008,3460
Cote d'Ivoire,2009,3510
Cote d'Ivoire,2010,3670
Cameroon,1990,3230
Cameroon,1991,3040
Cameroon,1992,2890
Cameroon,1993,2630
Cameroon,1994,2590
Cameroon,1995,2610
Cameroon,1996,2670
Cameroon,1997,2730
Cameroon,1998,2800
Cameroon,1999,2860
Cameroon,2000,2910
Cameroon,2001,2960
Cameroon,2002,3020
Cameroon,2003,3100
Cameroon,2004,3230
Cameroon,2005,3220
Cameroon,2006,3260
Cameroon,2007,3310
Cameroon,2008,3310
Cameroon,2009,3300
Cameroon,2010,3300
"Congo, Dem. Rep.",1990,1540
"Congo, Dem. Rep.",1991,1390
"Congo, Dem. Rep.",1992,1220
"Congo, Dem. Rep.",1993,1030
"Congo, Dem. Rep.",1994,955
"Congo, Dem. Rep.",1995,936
"Congo, Dem. Rep.",1996,916
"Congo, Dem. Rep.",1997,855
"Congo, Dem. Rep.",1998,826
"Congo, Dem. Rep.",1999,774
"Congo, Dem. Rep.",2000,704
"Congo, Dem. Rep.",2001,673
"Congo, Dem. Rep.",2002,676
"Congo, Dem. Rep.",2003,697
"Congo, Dem. Rep.",2004,725
"Congo, Dem. Rep.",2005,749
"Congo, Dem. Rep.",2006,767
"Congo, Dem. Rep.",2007,791
"Congo, Dem. Rep.",2008,815
"Congo, Dem. Rep.",2009,812
"Congo, Dem. Rep.",2010,842
"Congo, Rep.",1990,5080
"Congo, Rep.",1991,5090
"Congo, Rep.",1992,5100
"Congo, Rep.",1993,4930
"Congo, Rep.",1994,4540
"Congo, Rep.",1995,4610
"Congo, Rep.",1996,4710
"Congo, Rep.",1997,4570
"Congo, Rep.",1998,4650
"Congo, Rep.",1999,4410
"Congo, Rep.",2000,4570
"Congo, Rep.",2001,4560
"Congo, Rep.",2002,4650
"Congo, Rep.",2003,4550
"Congo, Rep.",2004,4540
"Congo, Rep.",2005,4700
"Congo, Rep.",2006,4860
"Congo, Rep.",2007,4360
"Congo, Rep.",2008,4460
"Congo, Rep.",2009,4750
"Congo, Rep.",2010,4980
Colombia,1990,9020
Colombia,1991,8990
Colombia,1992,9150
Colombia,1993,9430
Colombia,1994,9740
Colombia,1995,10k
Colombia,1996,10k
Colombia,1997,10.1k
Colombia,1998,10000
Colombia,1999,9390
Colombia,2000,9480
Colombia,2001,9450
Colombia,2002,9510
Colombia,2003,9700
Colombia,2004,10k
Colombia,2005,10.3k
Colombia,2006,10.9k
Colombia,2007,11.4k
Colombia,2008,11.6k
Colombia,2009,11.6k
Colombia,2010,11.9k
Comoros,1990,2420
Comoros,1991,2310
Comoros,1992,2480
Comoros,1993,2520
Comoros,1994,2360
Comoros,1995,2420
Comoros,1996,2360
Comoros,1997,2430
Comoros,1998,2430
Comoros,1999,2450
Comoros,2000,2650
Comoros,2001,2680
Comoros,2002,2710
Comoros,2003,2740
Comoros,2004,2760
Comoros,2005,2800
Comoros,2006,2850
Comoros,2007,2840
Comoros,2008,2910
Comoros,2009,2960
Comoros,2010,3030
Cape Verde,1990,1880
Cape Verde,1991,1860
Cape Verde,1992,1970
Cape Verde,1993,2080
Cape Verde,1994,2350
Cape Verde,1995,2580
Cape Verde,1996,2780
Cape Verde,1997,2990
Cape Verde,1998,3270
Cape Verde,1999,3560
Cape Verde,2000,3950
Cape Verde,2001,3980
Cape Verde,2002,4110
Cape Verde,2003,4210
Cape Verde,2004,4540
Cape Verde,2005,4770
Cape Verde,2006,5080
Cape Verde,2007,5740
Cape Verde,2008,6030
Cape Verde,2009,5870
Cape Verde,2010,5860
Costa Rica,1990,10k
Costa Rica,1991,9970
Costa Rica,1992,10.6k
Costa Rica,1993,11.1k
Costa Rica,1994,11.2k
Costa Rica,1995,11.4k
Costa Rica,1996,11.3k
Costa Rica,1997,11.6k
Costa Rica,1998,12.2k
Costa Rica,1999,12.4k
Costa Rica,2000,12.6k
Costa Rica,2001,12.8k
Costa Rica,2002,13k
Costa Rica,2003,13.4k
Costa Rica,2004,13.7k
Costa Rica,2005,14.1k
Costa Rica,2006,14.9k
Costa Rica,2007,15.9k
Costa Rica,2008,16.4k
Costa Rica,2009,16k
Costa Rica,2010,16.7k
Cuba,1990,6550
Cuba,1991,5530
Cuba,1992,4720
Cuba,1993,3690
Cuba,1994,3730
Cuba,1995,3970
Cuba,1996,4520
Cuba,1997,4760
Cuba,1998,4750
Cuba,1999,5040
Cuba,2000,5570
Cuba,2001,5880
Cuba,2002,6070
Cuba,2003,6260
Cuba,2004,6340
Cuba,2005,6550
Cuba,2006,7530
Cuba,2007,7830
Cuba,2008,8350
Cuba,2009,8680
Cuba,2010,9140
Cyprus,1990,24.1k
Cyprus,1991,23.8k
Cyprus,1992,25.5k
Cyprus,1993,25.1k
Cyprus,1994,26.2k
Cyprus,1995,28.1k
Cyprus,1996,28.1k
Cyprus,1997,28.5k
Cyprus,1998,29.9k
Cyprus,1999,31.1k
Cyprus,2000,32.7k
Cyprus,2001,33.6k
Cyprus,2002,34.5k
Cyprus,2003,35.1k
Cyprus,2004,36.4k
Cyprus,2005,37.6k
Cyprus,2006,38.8k
Cyprus,2007,39.9k
Cyprus,2008,40.4k
Cyprus,2009,38.5k
Cyprus,2010,38.4k
Czech Republic,1990,22.4k
Czech Republic,1991,20k
Czech Republic,1992,20k
Czech Republic,1993,20.1k
Czech Republic,1994,20.7k
Czech Republic,1995,22.2k
Czech Republic,1996,23.3k
Czech Republic,1997,23.2k
Czech Republic,1998,23.3k
Czech Republic,1999,23.7k
Czech Republic,2000,24.8k
Czech Republic,2001,25.7k
Czech Republic,2002,26.2k
Czech Republic,2003,27.2k
Czech Republic,2004,28.5k
Czech Republic,2005,30.4k
Czech Republic,2006,32.4k
Czech Republic,2007,34k
Czech Republic,2008,34.6k
Czech Republic,2009,32.8k
Czech Republic,2010,33.5k
Germany,1990,36.3k
Germany,1991,38k
Germany,1992,38.5k
Germany,1993,38k
Germany,1994,38.9k
Germany,1995,39.5k
Germany,1996,39.8k
Germany,1997,40.5k
Germany,1998,41.4k
Germany,1999,42.2k
Germany,2000,43.4k
Germany,2001,44.1k
Germany,2002,43.9k
Germany,2003,43.6k
Germany,2004,44.1k
Germany,2005,44.4k
Germany,2006,46.1k
Germany,2007,47.4k
Germany,2008,47.9k
Germany,2009,45.2k
Germany,2010,47k
Djibouti,1990,3680
Djibouti,1991,3370
Djibouti,1992,3420
Djibouti,1993,3290
Djibouti,1994,3210
Djibouti,1995,3120
Djibouti,1996,2920
Djibouti,1997,2830
Djibouti,1998,2740
Djibouti,1999,2730
Djibouti,2000,2680
Djibouti,2001,2670
Djibouti,2002,2700
Djibouti,2003,2760
Djibouti,2004,2800
Djibouti,2005,2850
Djibouti,2006,2950
Djibouti,2007,3050
Djibouti,2008,3180
Djibouti,2009,3180
Djibouti,2010,3260
Dominica,1990,7080
Dominica,1991,7290
Dominica,1992,7520
Dominica,1993,7700
Dominica,1994,7790
Dominica,1995,8060
Dominica,1996,8400
Dominica,1997,8680
Dominica,1998,9080
Dominica,1999,9190
Dominica,2000,9470
Dominica,2001,9540
Dominica,2002,9310
Dominica,2003,9930
Dominica,2004,10.2k
Dominica,2005,10.3k
Dominica,2006,10.8k
Dominica,2007,11.5k
Dominica,2008,12.4k
Dominica,2009,12.2k
Dominica,2010,12.3k
Denmark,1990,39.5k
Denmark,1991,40k
Denmark,1992,40.7k
Denmark,1993,40.6k
Denmark,1994,42.6k
Denmark,1995,43.7k
Denmark,1996,44.7k
Denmark,1997,46k
Denmark,1998,46.8k
Denmark,1999,48k
Denmark,2000,49.6k
Denmark,2001,49.8k
Denmark,2002,49.8k
Denmark,2003,49.9k
Denmark,2004,51k
Denmark,2005,52k
Denmark,2006,53.7k
Denmark,2007,53.9k
Denmark,2008,53.2k
Denmark,2009,50.2k
Denmark,2010,50.8k
Dominican Republic,1990,5990
Dominican Republic,1991,5960
Dominican Republic,1992,6450
Dominican Republic,1993,6830
Dominican Republic,1994,6920
Dominican Republic,1995,7210
Dominican Republic,1996,7560
Dominican Republic,1997,8110
Dominican Republic,1998,8560
Dominican Republic,1999,8960
Dominican Republic,2000,9270
Dominican Republic,2001,9370
Dominican Republic,2002,9680
Dominican Republic,2003,9430
Dominican Republic,2004,9530
Dominican Republic,2005,10.3k
Dominican Republic,2006,11.1k
Dominican Republic,2007,11.8k
Dominican Republic,2008,12k
Dominican Republic,2009,11.9k
Dominican Republic,2010,12.7k
Algeria,1990,8100
Algeria,1991,7930
Algeria,1992,7990
Algeria,1993,7740
Algeria,1994,7600
Algeria,1995,7820
Algeria,1996,8070
Algeria,1997,8090
Algeria,1998,8430
Algeria,1999,8630
Algeria,2000,8880
Algeria,2001,9060
Algeria,2002,9460
Algeria,2003,10k
Algeria,2004,10.3k
Algeria,2005,10.8k
Algeria,2006,10.8k
Algeria,2007,10.9k
Algeria,2008,11k
Algeria,2009,10.9k
Algeria,2010,11k
Ecuador,1990,8260
Ecuador,1991,8480
Ecuador,1992,8540
Ecuador,1993,8540
Ecuador,1994,8720
Ecuador,1995,8740
Ecuador,1996,8720
Ecuador,1997,8920
Ecuador,1998,9040
Ecuador,1999,8450
Ecuador,2000,8400
Ecuador,2001,8580
Ecuador,2002,8760
Ecuador,2003,8830
Ecuador,2004,9360
Ecuador,2005,9670
Ecuador,2006,9900
Ecuador,2007,9920
Ecuador,2008,10.3k
Ecuador,2009,10.2k
Ecuador,2010,10.4k
Egypt,1990,5860
Egypt,1991,5870
Egypt,1992,6020
Egypt,1993,6110
Egypt,1994,6250
Egypt,1995,6430
Egypt,1996,6640
Egypt,1997,6870
Egypt,1998,7110
Egypt,1999,7380
Egypt,2000,7690
Egypt,2001,7810
Egypt,2002,7830
Egypt,2003,7900
Egypt,2004,8040
Egypt,2005,8210
Egypt,2006,8570
Egypt,2007,8960
Egypt,2008,9370
Egypt,2009,9570
Egypt,2010,9810
Eritrea,1990,1150
Eritrea,1991,1270
Eritrea,1992,1390
Eritrea,1993,1570
Eritrea,1994,1900
Eritrea,1995,1950
Eritrea,1996,2110
Eritrea,1997,2260
Eritrea,1998,2280
Eritrea,1999,2230
Eritrea,2000,1920
Eritrea,2001,1990
Eritrea,2002,1950
Eritrea,2003,1790
Eritrea,2004,1720
Eritrea,2005,1680
Eritrea,2006,1600
Eritrea,2007,1560
Eritrea,2008,1220
Eritrea,2009,1330
Eritrea,2010,1440
Spain,1990,27.3k
Spain,1991,28k
Spain,1992,28.3k
Spain,1993,27.8k
Spain,1994,28.4k
Spain,1995,29.2k
Spain,1996,29.9k
Spain,1997,30.9k
Spain,1998,32.2k
Spain,1999,33.5k
Spain,2000,35.1k
Spain,2001,36.3k
Spain,2002,36.7k
Spain,2003,37.1k
Spain,2004,37.6k
Spain,2005,38.3k
Spain,2006,39.1k
Spain,2007,39.7k
Spain,2008,39.4k
Spain,2009,37.5k
Spain,2010,37.3k
Estonia,1990,18.7k
Estonia,1991,17.1k
Estonia,1992,13.9k
Estonia,1993,13.2k
Estonia,1994,13.1k
Estonia,1995,13.7k
Estonia,1996,14.5k
Estonia,1997,16.4k
Estonia,1998,17.1k
Estonia,1999,16.9k
Estonia,2000,18.5k
Estonia,2001,19.6k
Estonia,2002,20.9k
Estonia,2003,22.5k
Estonia,2004,24.1k
Estonia,2005,26.4k
Estonia,2006,29.1k
Estonia,2007,31.3k
Estonia,2008,29.7k
Estonia,2009,25.4k
Estonia,2010,26k
Ethiopia,1990,886
Ethiopia,1991,782
Ethiopia,1992,680
Ethiopia,1993,721
Ethiopia,1994,723
Ethiopia,1995,736
Ethiopia,1996,792
Ethiopia,1997,793
Ethiopia,1998,741
Ethiopia,1999,745
Ethiopia,2000,761
Ethiopia,2001,793
Ethiopia,2002,780
Ethiopia,2003,738
Ethiopia,2004,803
Ethiopia,2005,868
Ethiopia,2006,931
Ethiopia,2007,1000
Ethiopia,2008,1080
Ethiopia,2009,1130
Ethiopia,2010,1240
Finland,1990,34.1k
Finland,1991,31.9k
Finland,1992,30.6k
Finland,1993,30.2k
Finland,1994,31.2k
Finland,1995,32.4k
Finland,1996,33.4k
Finland,1997,35.3k
Finland,1998,37.1k
Finland,1999,38.6k
Finland,2000,40.6k
Finland,2001,41.5k
Finland,2002,42.1k
Finland,2003,42.7k
Finland,2004,44.2k
Finland,2005,45.2k
Finland,2006,46.8k
Finland,2007,48.9k
Finland,2008,49k
Finland,2009,44.7k
Finland,2010,45.9k
Fiji,1990,7970
Fiji,1991,7700
Fiji,1992,8120
Fiji,1993,8250
Fiji,1994,8630
Fiji,1995,8810
Fiji,1996,9170
Fiji,1997,8880
Fiji,1998,8900
Fiji,1999,9580
Fiji,2000,9320
Fiji,2001,9420
Fiji,2002,9630
Fiji,2003,9640
Fiji,2004,10.1k
Fiji,2005,10k
Fiji,2006,10.1k
Fiji,2007,9940
Fiji,2008,9970
Fiji,2009,9780
Fiji,2010,10k
France,1990,35.3k
France,1991,35.3k
France,1992,35.6k
France,1993,35.1k
France,1994,35.8k
France,1995,36.3k
France,1996,36.6k
France,1997,37.3k
France,1998,38.4k
France,1999,39.4k
France,2000,40.6k
France,2001,41k
France,2002,41.1k
France,2003,41.1k
France,2004,41.9k
France,2005,42.1k
France,2006,42.8k
France,2007,43.4k
France,2008,43.2k
France,2009,41.6k
France,2010,42.1k
"Micronesia, Fed. Sts.",1990,3150
"Micronesia, Fed. Sts.",1991,3300
"Micronesia, Fed. Sts.",1992,3340
"Micronesia, Fed. Sts.",1993,3490
"Micronesia, Fed. Sts.",1994,3380
"Micronesia, Fed. Sts.",1995,3550
"Micronesia, Fed. Sts.",1996,3410
"Micronesia, Fed. Sts.",1997,3180
"Micronesia, Fed. Sts.",1998,3260
"Micronesia, Fed. Sts.",1999,3290
"Micronesia, Fed. Sts.",2000,3430
"Micronesia, Fed. Sts.",2001,3490
"Micronesia, Fed. Sts.",2002,3490
"Micronesia, Fed. Sts.",2003,3540
"Micronesia, Fed. Sts.",2004,3430
"Micronesia, Fed. Sts.",2005,3500
"Micronesia, Fed. Sts.",2006,3500
"Micronesia, Fed. Sts.",2007,3450
"Micronesia, Fed. Sts.",2008,3380
"Micronesia, Fed. Sts.",2009,3430
"Micronesia, Fed. Sts.",2010,3500
Gabon,1990,15.2k
Gabon,1991,16k
Gabon,1992,15.4k
Gabon,1993,15.8k
Gabon,1994,16.3k
Gabon,1995,16.9k
Gabon,1996,17.3k
Gabon,1997,18k
Gabon,1998,18.4k
Gabon,1999,16.4k
Gabon,2000,15.8k
Gabon,2001,15.8k
Gabon,2002,15.5k
Gabon,2003,15.5k
Gabon,2004,15.2k
Gabon,2005,15.2k
Gabon,2006,14.3k
Gabon,2007,14.7k
Gabon,2008,13.8k
Gabon,2009,13.3k
Gabon,2010,13.7k
United Kingdom,1990,32.8k
United Kingdom,1991,32.3k
United Kingdom,1992,32.3k
United Kingdom,1993,32.9k
United Kingdom,1994,34k
United Kingdom,1995,34.7k
United Kingdom,1996,35.3k
United Kingdom,1997,36.5k
United Kingdom,1998,37.5k
United Kingdom,1999,38.5k
United Kingdom,2000,39.8k
United Kingdom,2001,40.4k
United Kingdom,2002,40.9k
United Kingdom,2003,41.9k
United Kingdom,2004,42.6k
United Kingdom,2005,43.4k
United Kingdom,2006,43.9k
United Kingdom,2007,44.6k
United Kingdom,2008,44.1k
United Kingdom,2009,41.7k
United Kingdom,2010,42.3k
Georgia,1990,12.5k
Georgia,1991,9770
Georgia,1992,5330
Georgia,1993,3740
Georgia,1994,3380
Georgia,1995,3560
Georgia,1996,4050
Georgia,1997,4580
Georgia,1998,4790
Georgia,1999,4990
Georgia,2000,5150
Georgia,2001,5450
Georgia,2002,5770
Georgia,2003,6420
Georgia,2004,6800
Georgia,2005,7450
Georgia,2006,8160
Georgia,2007,9200
Georgia,2008,9420
Georgia,2009,9120
Georgia,2010,9740
Ghana,1990,2310
Ghana,1991,2380
Ghana,1992,2410
Ghana,1993,2460
Ghana,1994,2480
Ghana,1995,2530
Ghana,1996,2580
Ghana,1997,2630
Ghana,1998,2690
Ghana,1999,2740
Ghana,2000,2770
Ghana,2001,2810
Ghana,2002,2860
Ghana,2003,2920
Ghana,2004,3000
Ghana,2005,3090
Ghana,2006,3200
Ghana,2007,3250
Ghana,2008,3460
Ghana,2009,3530
Ghana,2010,3710
Guinea,1990,1410
Guinea,1991,1390
Guinea,1992,1390
Guinea,1993,1430
Guinea,1994,1450
Guinea,1995,1480
Guinea,1996,1510
Guinea,1997,1570
Guinea,1998,1610
Guinea,1999,1640
Guinea,2000,1650
Guinea,2001,1700
Guinea,2002,1760
Guinea,2003,1750
Guinea,2004,1760
Guinea,2005,1780
Guinea,2006,1770
Guinea,2007,1850
Guinea,2008,1880
Guinea,2009,1810
Guinea,2010,1860
Gambia,1990,2040
Gambia,1991,2020
Gambia,1992,2020
Gambia,1993,2010
Gambia,1994,1950
Gambia,1995,1910
Gambia,1996,1910
Gambia,1997,1930
Gambia,1998,1940
Gambia,1999,2010
Gambia,2000,2070
Gambia,2001,2130
Gambia,2002,2020
Gambia,2003,2090
Gambia,2004,2180
Gambia,2005,2070
Gambia,2006,2000
Gambia,2007,1990
Gambia,2008,2050
Gambia,2009,2120
Gambia,2010,2170
Guinea-Bissau,1990,1930
Guinea-Bissau,1991,1980
Guinea-Bissau,1992,1960
Guinea-Bissau,1993,1940
Guinea-Bissau,1994,1950
Guinea-Bissau,1995,1990
Guinea-Bissau,1996,2150
Guinea-Bissau,1997,2250
Guinea-Bissau,1998,1630
Guinea-Bissau,1999,1640
Guinea-Bissau,2000,1690
Guinea-Bissau,2001,1690
Guinea-Bissau,2002,1630
Guinea-Bissau,2003,1600
Guinea-Bissau,2004,1610
Guinea-Bissau,2005,1640
Guinea-Bissau,2006,1640
Guinea-Bissau,2007,1650
Guinea-Bissau,2008,1660
Guinea-Bissau,2009,1670
Guinea-Bissau,2010,1700
Equatorial Guinea,1990,1360
Equatorial Guinea,1991,1280
Equatorial Guinea,1992,1570
Equatorial Guinea,1993,1650
Equatorial Guinea,1994,1800
Equatorial Guinea,1995,1990
Equatorial Guinea,1996,3020
Equatorial Guinea,1997,6870
Equatorial Guinea,1998,8060
Equatorial Guinea,1999,9640
Equatorial Guinea,2000,10.8k
Equatorial Guinea,2001,16.7k
Equatorial Guinea,2002,18.9k
Equatorial Guinea,2003,20.5k
Equatorial Guinea,2004,26.5k
Equatorial Guinea,2005,29.2k
Equatorial Guinea,2006,29.8k
Equatorial Guinea,2007,32.6k
Equatorial Guinea,2008,36.3k
Equatorial Guinea,2009,34.8k
Equatorial Guinea,2010,29.9k
Greece,1990,23.6k
Greece,1991,24.2k
Greece,1992,24.2k
Greece,1993,23.8k
Greece,1994,24.2k
Greece,1995,24.7k
Greece,1996,25.3k
Greece,1997,26.4k
Greece,1998,27.3k
Greece,1999,28.1k
Greece,2000,29.1k
Greece,2001,30.2k
Greece,2002,31.3k
Greece,2003,33.1k
Greece,2004,34.7k
Greece,2005,34.8k
Greece,2006,36.6k
Greece,2007,37.7k
Greece,2008,37.5k
Greece,2009,35.7k
Greece,2010,33.7k
Grenada,1990,8970
Grenada,1991,9020
Grenada,1992,8820
Grenada,1993,8530
Grenada,1994,8570
Grenada,1995,8660
Grenada,1996,8950
Grenada,1997,9320
Grenada,1998,10.3k
Grenada,1999,11k
Grenada,2000,11.4k
Grenada,2001,11.1k
Grenada,2002,11.4k
Grenada,2003,12.4k
Grenada,2004,12.2k
Grenada,2005,13.7k
Grenada,2006,13k
Grenada,2007,13.7k
Grenada,2008,13.7k
Grenada,2009,12.7k
Grenada,2010,12.5k
Guatemala,1990,5980
Guatemala,1991,6000
Guatemala,1992,6110
Guatemala,1993,6170
Guatemala,1994,6230
Guatemala,1995,6350
Guatemala,1996,6350
Guatemala,1997,6450
Guatemala,1998,6590
Guatemala,1999,6660
Guatemala,2000,6710
Guatemala,2001,6690
Guatemala,2002,6770
Guatemala,2003,6770
Guatemala,2004,6810
Guatemala,2005,6870
Guatemala,2006,7060
Guatemala,2007,7340
Guatemala,2008,7410
Guatemala,2009,7280
Guatemala,2010,7340
Guyana,1990,4570
Guyana,1991,4870
Guyana,1992,5250
Guyana,1993,5670
Guyana,1994,6150
Guyana,1995,6460
Guyana,1996,6980
Guyana,1997,7420
Guyana,1998,7310
Guyana,1999,7550
Guyana,2000,7460
Guyana,2001,7640
Guyana,2002,7750
Guyana,2003,7710
Guyana,2004,7850
Guyana,2005,7730
Guyana,2006,8160
Guyana,2007,8780
Guyana,2008,8990
Guyana,2009,9370
Guyana,2010,9830
"Hong Kong, China",1990,31.4k
"Hong Kong, China",1991,32.6k
"Hong Kong, China",1992,34.1k
"Hong Kong, China",1993,35.4k
"Hong Kong, China",1994,36.5k
"Hong Kong, China",1995,36.4k
"Hong Kong, China",1996,36.3k
"Hong Kong, China",1997,37.7k
"Hong Kong, China",1998,35k
"Hong Kong, China",1999,35.3k
"Hong Kong, China",2000,37.5k
"Hong Kong, China",2001,37.3k
"Hong Kong, China",2002,37.6k
"Hong Kong, China",2003,38.7k
"Hong Kong, China",2004,41.6k
"Hong Kong, China",2005,44.3k
"Hong Kong, China",2006,46.9k
"Hong Kong, China",2007,49.4k
"Hong Kong, China",2008,50k
"Hong Kong, China",2009,48.6k
"Hong Kong, China",2010,51.4k
Honduras,1990,3970
Honduras,1991,3800
Honduras,1992,3920
Honduras,1993,4050
Honduras,1994,3930
Honduras,1995,4040
Honduras,1996,4020
Honduras,1997,4090
Honduras,1998,4120
Honduras,1999,3970
Honduras,2000,4140
Honduras,2001,4130
Honduras,2002,4170
Honduras,2003,4250
Honduras,2004,4390
Honduras,2005,4540
Honduras,2006,4720
Honduras,2007,4880
Honduras,2008,4970
Honduras,2009,4730
Honduras,2010,4790
Croatia,1990,19k
Croatia,1991,15.1k
Croatia,1992,13.5k
Croatia,1993,12.7k
Croatia,1994,13.7k
Croatia,1995,14.9k
Croatia,1996,16k
Croatia,1997,17.2k
Croatia,1998,17.7k
Croatia,1999,17.6k
Croatia,2000,18.4k
Croatia,2001,19.6k
Croatia,2002,20.7k
Croatia,2003,21.9k
Croatia,2004,22.9k
Croatia,2005,23.8k
Croatia,2006,25k
Croatia,2007,26.3k
Croatia,2008,26.8k
Croatia,2009,24.9k
Croatia,2010,24.6k
Haiti,1990,3140
Haiti,1991,3170
Haiti,1992,2970
Haiti,1993,2790
Haiti,1994,2430
Haiti,1995,2640
Haiti,1996,2720
Haiti,1997,2770
Haiti,1998,2800
Haiti,1999,2840
Haiti,2000,2840
Haiti,2001,2790
Haiti,2002,2790
Haiti,2003,2850
Haiti,2004,2770
Haiti,2005,2830
Haiti,2006,2850
Haiti,2007,2940
Haiti,2008,2990
Haiti,2009,3130
Haiti,2010,2930
Hungary,1990,17.3k
Hungary,1991,15.4k
Hungary,1992,15k
Hungary,1993,15.1k
Hungary,1994,15.7k
Hungary,1995,16k
Hungary,1996,16.2k
Hungary,1997,16.8k
Hungary,1998,17.6k
Hungary,1999,18.3k
Hungary,2000,19.2k
Hungary,2001,20.1k
Hungary,2002,21.2k
Hungary,2003,22.2k
Hungary,2004,23.4k
Hungary,2005,24.5k
Hungary,2006,25.5k
Hungary,2007,25.6k
Hungary,2008,25.9k
Hungary,2009,24.2k
Hungary,2010,24.5k
Indonesia,1990,4800
Indonesia,1991,5050
Indonesia,1992,5280
Indonesia,1993,5530
Indonesia,1994,5840
Indonesia,1995,6200
Indonesia,1996,6550
Indonesia,1997,6730
Indonesia,1998,5740
Indonesia,1999,5680
Indonesia,2000,5850
Indonesia,2001,5960
Indonesia,2002,6120
Indonesia,2003,6310
Indonesia,2004,6510
Indonesia,2005,6770
Indonesia,2006,7020
Indonesia,2007,7340
Indonesia,2008,7650
Indonesia,2009,7870
Indonesia,2010,8210
India,1990,2080
India,1991,2040
India,1992,2090
India,1993,2130
India,1994,2210
India,1995,2310
India,1996,2420
India,1997,2450
India,1998,2540
India,1999,2680
India,2000,2720
India,2001,2790
India,2002,2820
India,2003,2970
India,2004,3140
India,2005,3310
India,2006,3510
India,2007,3700
India,2008,3750
India,2009,3960
India,2010,4210
Ireland,1990,26.5k
Ireland,1991,27k
Ireland,1992,27.8k
Ireland,1993,28.4k
Ireland,1994,30k
Ireland,1995,32.8k
Ireland,1996,35.2k
Ireland,1997,38.7k
Ireland,1998,41.6k
Ireland,1999,45.6k
Ireland,2000,49.2k
Ireland,2001,51.1k
Ireland,2002,53.1k
Ireland,2003,53.8k
Ireland,2004,56.4k
Ireland,2005,58.3k
Ireland,2006,59.5k
Ireland,2007,60.7k
Ireland,2008,56.6k
Ireland,2009,53.1k
Ireland,2010,53.5k
Iran,1990,8940
Iran,1991,9840
Iran,1992,10.2k
Iran,1993,9990
Iran,1994,9820
Iran,1995,9970
Iran,1996,10.6k
Iran,1997,10.6k
Iran,1998,10.7k
Iran,1999,10.8k
Iran,2000,11.2k
Iran,2001,11.4k
Iran,2002,12.2k
Iran,2003,13.1k
Iran,2004,13.4k
Iran,2005,13.6k
Iran,2006,14.1k
Iran,2007,14.9k
Iran,2008,14.7k
Iran,2009,14.6k
Iran,2010,15.1k
Iraq,1990,6810
Iraq,1991,2490
Iraq,1992,3250
Iraq,1993,3880
Iraq,1994,3860
Iraq,1995,3800
Iraq,1996,4170
Iraq,1997,4780
Iraq,1998,6190
Iraq,1999,7100
Iraq,2000,8120
Iraq,2001,8210
Iraq,2002,7540
Iraq,2003,4780
Iraq,2004,7150
Iraq,2005,7080
Iraq,2006,7420
Iraq,2007,7600
Iraq,2008,8050
Iraq,2009,7990
Iraq,2010,8180
Iceland,1990,36.3k
Iceland,1991,35.8k
Iceland,1992,34k
Iceland,1993,34k
Iceland,1994,34.8k
Iceland,1995,34.5k
Iceland,1996,35.8k
Iceland,1997,37.6k
Iceland,1998,39.8k
Iceland,1999,40.8k
Iceland,2000,42.1k
Iceland,2001,43.2k
Iceland,2002,42.9k
Iceland,2003,43.5k
Iceland,2004,46.4k
Iceland,2005,48.4k
Iceland,2006,50.2k
Iceland,2007,53k
Iceland,2008,53.1k
Iceland,2009,48.8k
Iceland,2010,47.5k
Israel,1990,24.7k
Israel,1991,24.4k
Israel,1992,25.1k
Israel,1993,25.3k
Israel,1994,26.2k
Israel,1995,27.8k
Israel,1996,28.6k
Israel,1997,28.8k
Israel,1998,29.2k
Israel,1999,29.4k
Israel,2000,31k
Israel,2001,30.3k
Israel,2002,29.6k
Israel,2003,29.4k
Israel,2004,30.1k
Israel,2005,30.8k
Israel,2006,31.8k
Israel,2007,33.1k
Israel,2008,33.5k
Israel,2009,32.9k
Israel,2010,34.1k
Italy,1990,36.4k
Italy,1991,37.1k
Italy,1992,37.4k
Italy,1993,37.1k
Italy,1994,38k
Italy,1995,39.1k
Italy,1996,39.7k
Italy,1997,40.4k
Italy,1998,41.1k
Italy,1999,41.8k
Italy,2000,43.4k
Italy,2001,44.2k
Italy,2002,44.2k
Italy,2003,44.1k
Italy,2004,44.4k
Italy,2005,44.5k
Italy,2006,45.2k
Italy,2007,45.6k
Italy,2008,44.8k
Italy,2009,42.1k
Italy,2010,42.7k
Jamaica,1990,8600
Jamaica,1991,8890
Jamaica,1992,9030
Jamaica,1993,9640
Jamaica,1994,9720
Jamaica,1995,9870
Jamaica,1996,9800
Jamaica,1997,9620
Jamaica,1998,9350
Jamaica,1999,9400
Jamaica,2000,9430
Jamaica,2001,9520
Jamaica,2002,9660
Jamaica,2003,9980
Jamaica,2004,10.1k
Jamaica,2005,10.1k
Jamaica,2006,10.4k
Jamaica,2007,10.5k
Jamaica,2008,10.4k
Jamaica,2009,9880
Jamaica,2010,9700
Jordan,1990,8200
Jordan,1991,7930
Jordan,1992,8620
Jordan,1993,8550
Jordan,1994,8570
Jordan,1995,8750
Jordan,1996,8660
Jordan,1997,8730
Jordan,1998,8800
Jordan,1999,8910
Jordan,2000,9090
Jordan,2001,9370
Jordan,2002,9690
Jordan,2003,9850
Jordan,2004,10.4k
Jordan,2005,10.9k
Jordan,2006,11k
Jordan,2007,11.2k
Jordan,2008,11.6k
Jordan,2009,11.9k
Jordan,2010,11.9k
Japan,1990,35.1k
Japan,1991,36.1k
Japan,1992,36.2k
Japan,1993,35.8k
Japan,1994,36k
Japan,1995,36.7k
Japan,1996,37.6k
Japan,1997,37.8k
Japan,1998,37.1k
Japan,1999,36.8k
Japan,2000,37.6k
Japan,2001,37.5k
Japan,2002,37.3k
Japan,2003,37.7k
Japan,2004,38.3k
Japan,2005,38.9k
Japan,2006,39.3k
Japan,2007,39.7k
Japan,2008,39k
Japan,2009,36.7k
Japan,2010,38.1k
Kazakhstan,1990,14.3k
Kazakhstan,1991,12.6k
Kazakhstan,1992,11.9k
Kazakhstan,1993,10.8k
Kazakhstan,1994,9590
Kazakhstan,1995,8960
Kazakhstan,1996,9120
Kazakhstan,1997,9390
Kazakhstan,1998,9350
Kazakhstan,1999,9670
Kazakhstan,2000,10.6k
Kazakhstan,2001,12k
Kazakhstan,2002,13.2k
Kazakhstan,2003,14.3k
Kazakhstan,2004,15.5k
Kazakhstan,2005,16.8k
Kazakhstan,2006,18.4k
Kazakhstan,2007,19.7k
Kazakhstan,2008,19.9k
Kazakhstan,2009,19.7k
Kazakhstan,2010,20.8k
Kenya,1990,3270
Kenya,1991,3240
Kenya,1992,3140
Kenya,1993,3090
Kenya,1994,3110
Kenya,1995,3190
Kenya,1996,3260
Kenya,1997,3210
Kenya,1998,3250
Kenya,1999,3260
Kenya,2000,3200
Kenya,2001,3240
Kenya,2002,3180
Kenya,2003,3190
Kenya,2004,3270
Kenya,2005,3370
Kenya,2006,3490
Kenya,2007,3630
Kenya,2008,3540
Kenya,2009,3550
Kenya,2010,3740
Kyrgyz Republic,1990,5840
Kyrgyz Republic,1991,5250
Kyrgyz Republic,1992,4430
Kyrgyz Republic,1993,3740
Kyrgyz Republic,1994,2970
Kyrgyz Republic,1995,2760
Kyrgyz Republic,1996,2890
Kyrgyz Republic,1997,3100
Kyrgyz Republic,1998,3100
Kyrgyz Republic,1999,3140
Kyrgyz Republic,2000,3250
Kyrgyz Republic,2001,3370
Kyrgyz Republic,2002,3320
Kyrgyz Republic,2003,3490
Kyrgyz Republic,2004,3670
Kyrgyz Republic,2005,3600
Kyrgyz Republic,2006,3660
Kyrgyz Republic,2007,3910
Kyrgyz Republic,2008,4180
Kyrgyz Republic,2009,4230
Kyrgyz Republic,2010,4140
Cambodia,1990,1690
Cambodia,1991,1740
Cambodia,1992,1780
Cambodia,1993,1760
Cambodia,1994,1240
Cambodia,1995,1300
Cambodia,1996,1320
Cambodia,1997,1340
Cambodia,1998,1360
Cambodia,1999,1480
Cambodia,2000,1580
Cambodia,2001,1670
Cambodia,2002,1730
Cambodia,2003,1830
Cambodia,2004,1970
Cambodia,2005,2180
Cambodia,2006,2360
Cambodia,2007,2540
Cambodia,2008,2650
Cambodia,2009,2600
Cambodia,2010,2710
Kiribati,1990,2210
Kiribati,1991,2160
Kiribati,1992,2140
Kiribati,1993,2120
Kiribati,1994,2120
Kiribati,1995,2080
Kiribati,1996,2070
Kiribati,1997,2060
Kiribati,1998,2150
Kiribati,1999,2070
Kiribati,2000,2150
Kiribati,2001,2070
Kiribati,2002,2100
Kiribati,2003,2090
Kiribati,2004,2010
Kiribati,2005,2050
Kiribati,2006,2010
Kiribati,2007,2000
Kiribati,2008,1910
Kiribati,2009,1880
Kiribati,2010,1820
St. Kitts and Nevis,1990,16k
St. Kitts and Nevis,1991,15.6k
St. Kitts and Nevis,1992,16k
St. Kitts and Nevis,1993,16.8k
St. Kitts and Nevis,1994,17.4k
St. Kitts and Nevis,1995,18k
St. Kitts and Nevis,1996,18.7k
St. Kitts and Nevis,1997,19.6k
St. Kitts and Nevis,1998,19.1k
St. Kitts and Nevis,1999,19.4k
St. Kitts and Nevis,2000,20.9k
St. Kitts and Nevis,2001,21.6k
St. Kitts and Nevis,2002,21.7k
St. Kitts and Nevis,2003,20.6k
St. Kitts and Nevis,2004,21.2k
St. Kitts and Nevis,2005,23k
St. Kitts and Nevis,2006,23.5k
St. Kitts and Nevis,2007,23.5k
St. Kitts and Nevis,2008,25.8k
St. Kitts and Nevis,2009,24.7k
St. Kitts and Nevis,2010,24.6k
South Korea,1990,14.3k
South Korea,1991,15.5k
South Korea,1992,16.2k
South Korea,1993,17k
South Korea,1994,18.2k
South Korea,1995,19.7k
South Korea,1996,20.9k
South Korea,1997,21.8k
South Korea,1998,20.4k
South Korea,1999,22.4k
South Korea,2000,24.1k
South Korea,2001,24.9k
South Korea,2002,26.5k
South Korea,2003,27.1k
South Korea,2004,28.2k
South Korea,2005,29.2k
South Korea,2006,30.5k
South Korea,2007,31.9k
South Korea,2008,32.5k
South Korea,2009,32.5k
South Korea,2010,34.4k
Kuwait,1990,21.4k
Kuwait,1991,18.1k
Kuwait,1992,33.4k
Kuwait,1993,46.2k
Kuwait,1994,52.4k
Kuwait,1995,55.8k
Kuwait,1996,56k
Kuwait,1997,56.5k
Kuwait,1998,57.5k
Kuwait,1999,55.3k
Kuwait,2000,56.8k
Kuwait,2001,55.9k
Kuwait,2002,56.6k
Kuwait,2003,65.1k
Kuwait,2004,70.4k
Kuwait,2005,75.2k
Kuwait,2006,76.6k
Kuwait,2007,76.5k
Kuwait,2008,73.9k
Kuwait,2009,64.8k
Kuwait,2010,59.8k
Lao,1990,1970
Lao,1991,2000
Lao,1992,2060
Lao,1993,2120
Lao,1994,2240
Lao,1995,2340
Lao,1996,2440
Lao,1997,2550
Lao,1998,2600
Lao,1999,2740
Lao,2000,2850
Lao,2001,2960
Lao,2002,3090
Lao,2003,3220
Lao,2004,3380
Lao,2005,3560
Lao,2006,3780
Lao,2007,4020
Lao,2008,4250
Lao,2009,4490
Lao,2010,4790
Lebanon,1990,5360
Lebanon,1991,7790
Lebanon,1992,8780
Lebanon,1993,9610
Lebanon,1994,10.4k
Lebanon,1995,11k
Lebanon,1996,12k
Lebanon,1997,12k
Lebanon,1998,12.4k
Lebanon,1999,12.3k
Lebanon,2000,12.3k
Lebanon,2001,12.7k
Lebanon,2002,13k
Lebanon,2003,13.4k
Lebanon,2004,14.1k
Lebanon,2005,14.3k
Lebanon,2006,14.3k
Lebanon,2007,15.4k
Lebanon,2008,16.5k
Lebanon,2009,18k
Lebanon,2010,19.2k
Liberia,1990,1940
Liberia,1991,1710
Liberia,1992,1090
Liberia,1993,721
Liberia,1994,555
Liberia,1995,513
Liberia,1996,541
Liberia,1997,1020
Liberia,1998,1210
Liberia,1999,1370
Liberia,2000,1670
Liberia,2001,1700
Liberia,2002,1760
Liberia,2003,1210
Liberia,2004,1210
Liberia,2005,1220
Liberia,2006,1250
Liberia,2007,1300
Liberia,2008,1340
Liberia,2009,1370
Liberia,2010,1420
Libya,1990,21.9k
Libya,1991,26.2k
Libya,1992,25.6k
Libya,1993,24.7k
Libya,1994,25.9k
Libya,1995,22.9k
Libya,1996,23.7k
Libya,1997,23.7k
Libya,1998,23.6k
Libya,1999,23.7k
Libya,2000,24.6k
Libya,2001,24.1k
Libya,2002,23.7k
Libya,2003,26.5k
Libya,2004,27.4k
Libya,2005,30.1k
Libya,2006,31.7k
Libya,2007,33.1k
Libya,2008,32.7k
Libya,2009,30.6k
Libya,2010,31.4k
St. Lucia,1990,10k
St. Lucia,1991,10k
St. Lucia,1992,10.8k
St. Lucia,1993,10.8k
St. Lucia,1994,11k
St. Lucia,1995,11.1k
St. Lucia,1996,11.5k
St. Lucia,1997,11.4k
St. Lucia,1998,12.1k
St. Lucia,1999,12.4k
St. Lucia,2000,12.4k
St. Lucia,2001,11.9k
St. Lucia,2002,12k
St. Lucia,2003,12.4k
St. Lucia,2004,13.3k
St. Lucia,2005,13.2k
St. Lucia,2006,14k
St. Lucia,2007,14.2k
St. Lucia,2008,14.8k
St. Lucia,2009,14.3k
St. Lucia,2010,14.4k
Sri Lanka,1990,4360
Sri Lanka,1991,4550
Sri Lanka,1992,4580
Sri Lanka,1993,4830
Sri Lanka,1994,5040
Sri Lanka,1995,5260
Sri Lanka,1996,5470
Sri Lanka,1997,5790
Sri Lanka,1998,5920
Sri Lanka,1999,6090
Sri Lanka,2000,6400
Sri Lanka,2001,6220
Sri Lanka,2002,6380
Sri Lanka,2003,6680
Sri Lanka,2004,6950
Sri Lanka,2005,7300
Sri Lanka,2006,7770
Sri Lanka,2007,8210
Sri Lanka,2008,8610
Sri Lanka,2009,8830
Sri Lanka,2010,9440
Lesotho,1990,1560
Lesotho,1991,1590
Lesotho,1992,1650
Lesotho,1993,1660
Lesotho,1994,1710
Lesotho,1995,1710
Lesotho,1996,1770
Lesotho,1997,1800
Lesotho,1998,1790
Lesotho,1999,1780
Lesotho,2000,1830
Lesotho,2001,1880
Lesotho,2002,1880
Lesotho,2003,1950
Lesotho,2004,1980
Lesotho,2005,2040
Lesotho,2006,2110
Lesotho,2007,2180
Lesotho,2008,2280
Lesotho,2009,2220
Lesotho,2010,2320
Lithuania,1990,18.3k
Lithuania,1991,17.3k
Lithuania,1992,13.6k
Lithuania,1993,11.4k
Lithuania,1994,10.4k
Lithuania,1995,10.8k
Lithuania,1996,11.5k
Lithuania,1997,12.5k
Lithuania,1998,13.5k
Lithuania,1999,13.4k
Lithuania,2000,14k
Lithuania,2001,15k
Lithuania,2002,16.2k
Lithuania,2003,18k
Lithuania,2004,19.4k
Lithuania,2005,21.2k
Lithuania,2006,23.1k
Lithuania,2007,25.9k
Lithuania,2008,26.8k
Lithuania,2009,23.1k
Lithuania,2010,23.9k
Luxembourg,1990,64.5k
Luxembourg,1991,69.4k
Luxembourg,1992,70k
Luxembourg,1993,72.2k
Luxembourg,1994,74.3k
Luxembourg,1995,74.6k
Luxembourg,1996,74.9k
Luxembourg,1997,78.4k
Luxembourg,1998,82.8k
Luxembourg,1999,88.9k
Luxembourg,2000,94.4k
Luxembourg,2001,96.5k
Luxembourg,2002,99.1k
Luxembourg,2003,101k
Luxembourg,2004,104k
Luxembourg,2005,106k
Luxembourg,2006,111k
Luxembourg,2007,119k
Luxembourg,2008,117k
Luxembourg,2009,112k
Luxembourg,2010,114k
Latvia,1990,18.3k
Latvia,1991,16.3k
Latvia,1992,10.8k
Latvia,1993,9590
Latvia,1994,9900
Latvia,1995,10.1k
Latvia,1996,10.4k
Latvia,1997,11.4k
Latvia,1998,12.2k
Latvia,1999,12.6k
Latvia,2000,13.3k
Latvia,2001,14.3k
Latvia,2002,15.5k
Latvia,2003,16.9k
Latvia,2004,18.4k
Latvia,2005,20.6k
Latvia,2006,23.2k
Latvia,2007,25.6k
Latvia,2008,25k
Latvia,2009,21.7k
Latvia,2010,21.2k
Morocco,1990,4110
Morocco,1991,4300
Morocco,1992,4120
Morocco,1993,3990
Morocco,1994,4320
Morocco,1995,4000
Morocco,1996,4400
Morocco,1997,4240
Morocco,1998,4450
Morocco,1999,4400
Morocco,2000,4400
Morocco,2001,4630
Morocco,2002,4680
Morocco,2003,4860
Morocco,2004,5000
Morocco,2005,5060
Morocco,2006,5340
Morocco,2007,5410
Morocco,2008,5620
Morocco,2009,5740
Morocco,2010,5840
Monaco,1990,112k
Monaco,1991,114k
Monaco,1992,117k
Monaco,1993,117k
Monaco,1994,120k
Monaco,1995,124k
Monaco,1996,126k
Monaco,1997,130k
Monaco,1998,136k
Monaco,1999,142k
Monaco,2000,148k
Monaco,2001,152k
Monaco,2002,155k
Monaco,2003,157k
Monaco,2004,162k
Monaco,2005,166k
Monaco,2006,174k
Monaco,2007,197k
Monaco,2008,196k
Monaco,2009,178k
Monaco,2010,182k
Moldova,1990,14.2k
Moldova,1991,11.7k
Moldova,1992,8240
Moldova,1993,8140
Moldova,1994,5610
Moldova,1995,5520
Moldova,1996,5200
Moldova,1997,5310
Moldova,1998,4970
Moldova,1999,4810
Moldova,2000,4930
Moldova,2001,5250
Moldova,2002,5680
Moldova,2003,6090
Moldova,2004,6570
Moldova,2005,7100
Moldova,2006,7490
Moldova,2007,7760
Moldova,2008,8410
Moldova,2009,7940
Moldova,2010,8550
Madagascar,1990,1790
Madagascar,1991,1640
Madagascar,1992,1610
Madagascar,1993,1600
Madagascar,1994,1550
Madagascar,1995,1530
Madagascar,1996,1520
Madagascar,1997,1530
Madagascar,1998,1540
Madagascar,1999,1570
Madagascar,2000,1590
Madagascar,2001,1640
Madagascar,2002,1390
Madagascar,2003,1480
Madagascar,2004,1510
Madagascar,2005,1540
Madagascar,2006,1570
Madagascar,2007,1610
Madagascar,2008,1670
Madagascar,2009,1550
Madagascar,2010,1510
Maldives,1990,8760
Maldives,1991,9000
Maldives,1992,9310
Maldives,1993,9560
Maldives,1994,9990
Maldives,1995,10.5k
Maldives,1996,11.1k
Maldives,1997,11.8k
Maldives,1998,12.4k
Maldives,1999,13k
Maldives,2000,13.3k
Maldives,2001,12.5k
Maldives,2002,13.2k
Maldives,2003,14.7k
Maldives,2004,15.3k
Maldives,2005,13.1k
Maldives,2006,16.1k
Maldives,2007,16.8k
Maldives,2008,17.8k
Maldives,2009,15.9k
Maldives,2010,16.5k
Mexico,1990,14.8k
Mexico,1991,15.2k
Mexico,1992,15.5k
Mexico,1993,15.5k
Mexico,1994,16k
Mexico,1995,14.8k
Mexico,1996,15.5k
Mexico,1997,16.4k
Mexico,1998,17k
Mexico,1999,17.2k
Mexico,2000,17.9k
Mexico,2001,17.6k
Mexico,2002,17.4k
Mexico,2003,17.4k
Mexico,2004,17.8k
Mexico,2005,18k
Mexico,2006,18.5k
Mexico,2007,18.7k
Mexico,2008,18.6k
Mexico,2009,17.4k
Mexico,2010,18k
Marshall Islands,1990,3590
Marshall Islands,1991,3510
Marshall Islands,1992,3680
Marshall Islands,1993,3820
Marshall Islands,1994,3970
Marshall Islands,1995,4230
Marshall Islands,1996,3730
Marshall Islands,1997,3440
Marshall Islands,1998,3340
Marshall Islands,1999,3250
Marshall Islands,2000,3280
Marshall Islands,2001,3470
Marshall Islands,2002,3570
Marshall Islands,2003,3500
Marshall Islands,2004,3530
Marshall Islands,2005,3590
Marshall Islands,2006,3590
Marshall Islands,2007,3720
Marshall Islands,2008,3440
Marshall Islands,2009,3570
Marshall Islands,2010,3770
North Macedonia,1990,11.6k
North Macedonia,1991,10.9k
North Macedonia,1992,10.2k
North Macedonia,1993,9450
North Macedonia,1994,9310
North Macedonia,1995,9180
North Macedonia,1996,9230
North Macedonia,1997,9340
North Macedonia,1998,9600
North Macedonia,1999,9960
North Macedonia,2000,10.4k
North Macedonia,2001,9990
North Macedonia,2002,10.2k
North Macedonia,2003,10.4k
North Macedonia,2004,10.8k
North Macedonia,2005,11.3k
North Macedonia,2006,11.8k
North Macedonia,2007,12.6k
North Macedonia,2008,13.2k
North Macedonia,2009,13.1k
North Macedonia,2010,13.5k
Mali,1990,1420
Mali,1991,1510
Mali,1992,1430
Mali,1993,1440
Mali,1994,1450
Mali,1995,1430
Mali,1996,1490
Mali,1997,1530
Mali,1998,1590
Mali,1999,1640
Mali,2000,1590
Mali,2001,1780
Mali,2002,1780
Mali,2003,1880
Mali,2004,1850
Mali,2005,1900
Mali,2006,1930
Mali,2007,1930
Mali,2008,1950
Mali,2009,1980
Mali,2010,2020
Malta,1990,16.7k
Malta,1991,17.3k
Malta,1992,17.9k
Malta,1993,18.5k
Malta,1994,19.3k
Malta,1995,20.4k
Malta,1996,21k
Malta,1997,21.9k
Malta,1998,22.8k
Malta,1999,23.7k
Malta,2000,27.6k
Malta,2001,27.2k
Malta,2002,27.6k
Malta,2003,28.5k
Malta,2004,28.4k
Malta,2005,29.1k
Malta,2006,29.7k
Malta,2007,31k
Malta,2008,32k
Malta,2009,31.3k
Malta,2010,32.9k
Myanmar,1990,795
Myanmar,1991,773
Myanmar,1992,791
Myanmar,1993,822
Myanmar,1994,850
Myanmar,1995,883
Myanmar,1996,913
Myanmar,1997,938
Myanmar,1998,964
Myanmar,1999,1020
Myanmar,2000,1120
Myanmar,2001,1220
Myanmar,2002,1330
Myanmar,2003,1470
Myanmar,2004,1630
Myanmar,2005,1810
Myanmar,2006,2010
Myanmar,2007,2220
Myanmar,2008,2410
Myanmar,2009,2620
Myanmar,2010,2830
Montenegro,1990,15.1k
Montenegro,1991,13.7k
Montenegro,1992,10.6k
Montenegro,1993,6800
Montenegro,1994,6980
Montenegro,1995,8070
Montenegro,1996,10.4k
Montenegro,1997,11.3k
Montenegro,1998,12.1k
Montenegro,1999,11.1k
Montenegro,2000,11.7k
Montenegro,2001,12k
Montenegro,2002,12.3k
Montenegro,2003,12.7k
Montenegro,2004,13.3k
Montenegro,2005,13.9k
Montenegro,2006,15.2k
Montenegro,2007,16.3k
Montenegro,2008,17.4k
Montenegro,2009,16.4k
Montenegro,2010,16.8k
Mongolia,1990,4320
Mongolia,1991,3940
Mongolia,1992,3580
Mongolia,1993,3480
Mongolia,1994,3570
Mongolia,1995,3800
Mongolia,1996,3900
Mongolia,1997,4060
Mongolia,1998,4200
Mongolia,1999,4330
Mongolia,2000,4370
Mongolia,2001,4490
Mongolia,2002,4690
Mongolia,2003,5000
Mongolia,2004,5500
Mongolia,2005,5860
Mongolia,2006,6310
Mongolia,2007,6890
Mongolia,2008,7400
Mongolia,2009,7200
Mongolia,2010,7520
Mozambique,1990,520
Mozambique,1991,528
Mozambique,1992,479
Mozambique,1993,504
Mozambique,1994,504
Mozambique,1995,486
Mozambique,1996,529
Mozambique,1997,570
Mozambique,1998,612
Mozambique,1999,661
Mozambique,2000,650
Mozambique,2001,709
Mozambique,2002,751
Mozambique,2003,779
Mozambique,2004,817
Mozambique,2005,847
Mozambique,2006,902
Mozambique,2007,944
Mozambique,2008,983
Mozambique,2009,1010
Mozambique,2010,1050
Mauritania,1990,3680
Mauritania,1991,3720
Mauritania,1992,3710
Mauritania,1993,3860
Mauritania,1994,3730
Mauritania,1995,3940
Mauritania,1996,4180
Mauritania,1997,3980
Mauritania,1998,4030
Mauritania,1999,4130
Mauritania,2000,3920
Mauritania,2001,3840
Mauritania,2002,3830
Mauritania,2003,4040
Mauritania,2004,4170
Mauritania,2005,4460
Mauritania,2006,5190
Mauritania,2007,5000
Mauritania,2008,4890
Mauritania,2009,4770
Mauritania,2010,4770
Mauritius,1990,9950
Mauritius,1991,10.1k
Mauritius,1992,10.5k
Mauritius,1993,10.8k
Mauritius,1994,10.9k
Mauritius,1995,11.1k
Mauritius,1996,11.5k
Mauritius,1997,11.9k
Mauritius,1998,12.3k
Mauritius,1999,12.4k
Mauritius,2000,13.1k
Mauritius,2001,13.3k
Mauritius,2002,13.3k
Mauritius,2003,13.9k
Mauritius,2004,14.3k
Mauritius,2005,14.4k
Mauritius,2006,14.9k
Mauritius,2007,15.6k
Mauritius,2008,16.3k
Mauritius,2009,16.7k
Mauritius,2010,17.3k
Malawi,1990,1010
Malawi,1991,1060
Malawi,1992,945
Malawi,1993,1020
Malawi,1994,924
Malawi,1995,1070
Malawi,1996,1130
Malawi,1997,1150
Malawi,1998,1160
Malawi,1999,1160
Malawi,2000,1150
Malawi,2001,1060
Malawi,2002,1050
Malawi,2003,1080
Malawi,2004,1110
Malawi,2005,1110
Malawi,2006,1120
Malawi,2007,1200
Malawi,2008,1250
Malawi,2009,1310
Malawi,2010,1360
Malaysia,1990,10.8k
Malaysia,1991,11.5k
Malaysia,1992,12.2k
Malaysia,1993,13.1k
Malaysia,1994,13.9k
Malaysia,1995,14.9k
Malaysia,1996,15.9k
Malaysia,1997,16.6k
Malaysia,1998,15k
Malaysia,1999,15.5k
Malaysia,2000,16.4k
Malaysia,2001,16.1k
Malaysia,2002,16.5k
Malaysia,2003,17k
Malaysia,2004,17.7k
Malaysia,2005,18.2k
Malaysia,2006,18.8k
Malaysia,2007,19.5k
Malaysia,2008,19.9k
Malaysia,2009,19.2k
Malaysia,2010,20.2k
Namibia,1990,6420
Namibia,1991,6710
Namibia,1992,6980
Namibia,1993,6650
Namibia,1994,6630
Namibia,1995,6680
Namibia,1996,6700
Namibia,1997,6790
Namibia,1998,6820
Namibia,1999,6860
Namibia,2000,6920
Namibia,2001,6830
Namibia,2002,7020
Namibia,2003,7170
Namibia,2004,7930
Namibia,2005,8020
Namibia,2006,8460
Namibia,2007,8780
Namibia,2008,8870
Namibia,2009,8750
Namibia,2010,9120
Niger,1990,1110
Niger,1991,1080
Niger,1992,1040
Niger,1993,1020
Niger,1994,1010
Niger,1995,977
Niger,1996,955
Niger,1997,935
Niger,1998,998
Niger,1999,963
Niger,2000,917
Niger,2001,950
Niger,2002,962
Niger,2003,953
Niger,2004,920
Niger,2005,952
Niger,2006,971
Niger,2007,964
Niger,2008,1000
Niger,2009,981
Niger,2010,1020
Nigeria,1990,3010
Nigeria,1991,2970
Nigeria,1992,3040
Nigeria,1993,2950
Nigeria,1994,2860
Nigeria,1995,2820
Nigeria,1996,2890
Nigeria,1997,2910
Nigeria,1998,2930
Nigeria,1999,2880
Nigeria,2000,2970
Nigeria,2001,3070
Nigeria,2002,3450
Nigeria,2003,3620
Nigeria,2004,3860
Nigeria,2005,4000
Nigeria,2006,4120
Nigeria,2007,4270
Nigeria,2008,4430
Nigeria,2009,4640
Nigeria,2010,4860
Nicaragua,1990,3340
Nicaragua,1991,3250
Nicaragua,1992,3190
Nicaragua,1993,3120
Nicaragua,1994,3160
Nicaragua,1995,3290
Nicaragua,1996,3450
Nicaragua,1997,3540
Nicaragua,1998,3620
Nicaragua,1999,3830
Nicaragua,2000,3930
Nicaragua,2001,4000
Nicaragua,2002,3990
Nicaragua,2003,4040
Nicaragua,2004,4210
Nicaragua,2005,4330
Nicaragua,2006,4450
Nicaragua,2007,4610
Nicaragua,2008,4700
Nicaragua,2009,4470
Nicaragua,2010,4590
Netherlands,1990,36.9k
Netherlands,1991,37.6k
Netherlands,1992,38k
Netherlands,1993,38.2k
Netherlands,1994,39.1k
Netherlands,1995,40.1k
Netherlands,1996,41.4k
Netherlands,1997,42.9k
Netherlands,1998,44.6k
Netherlands,1999,46.5k
Netherlands,2000,48.1k
Netherlands,2001,48.8k
Netherlands,2002,48.6k
Netherlands,2003,48.4k
Netherlands,2004,49.1k
Netherlands,2005,49.9k
Netherlands,2006,51.5k
Netherlands,2007,53.2k
Netherlands,2008,54.1k
Netherlands,2009,51.7k
Netherlands,2010,52k
Norway,1990,41.8k
Norway,1991,43.2k
Norway,1992,44.9k
Norway,1993,46.2k
Norway,1994,48.5k
Norway,1995,50.6k
Norway,1996,53.1k
Norway,1997,55.7k
Norway,1998,57k
Norway,1999,57.9k
Norway,2000,59.4k
Norway,2001,60.3k
Norway,2002,60.8k
Norway,2003,60.9k
Norway,2004,62.8k
Norway,2005,63.8k
Norway,2006,64.5k
Norway,2007,65.4k
Norway,2008,64.5k
Norway,2009,62.2k
Norway,2010,61.4k
Nepal,1990,1630
Nepal,1991,1680
Nepal,1992,1700
Nepal,1993,1710
Nepal,1994,1800
Nepal,1995,1820
Nepal,1996,1870
Nepal,1997,1920
Nepal,1998,1940
Nepal,1999,1980
Nepal,2000,2060
Nepal,2001,2120
Nepal,2002,2090
Nepal,2003,2140
Nepal,2004,2210
Nepal,2005,2250
Nepal,2006,2300
Nepal,2007,2360
Nepal,2008,2480
Nepal,2009,2580
Nepal,2010,2680
Nauru,1990,26.4k
Nauru,1991,20.8k
Nauru,1992,17k
Nauru,1993,13.9k
Nauru,1994,13.1k
Nauru,1995,11.9k
Nauru,1996,10.3k
Nauru,1997,9110
Nauru,1998,8200
Nauru,1999,7630
Nauru,2000,7070
Nauru,2001,6540
Nauru,2002,5850
Nauru,2003,5820
Nauru,2004,5530
Nauru,2005,5300
Nauru,2006,5680
Nauru,2007,4450
Nauru,2008,5440
Nauru,2009,5910
Nauru,2010,6540
New Zealand,1990,28.7k
New Zealand,1991,27.2k
New Zealand,1992,27.1k
New Zealand,1993,28.4k
New Zealand,1994,29.5k
New Zealand,1995,30.4k
New Zealand,1996,31k
New Zealand,1997,31.2k
New Zealand,1998,31.2k
New Zealand,1999,32.6k
New Zealand,2000,33.4k
New Zealand,2001,34.2k
New Zealand,2002,35.1k
New Zealand,2003,36k
New Zealand,2004,36.8k
New Zealand,2005,37.5k
New Zealand,2006,38.1k
New Zealand,2007,38.8k
New Zealand,2008,38k
New Zealand,2009,37.5k
New Zealand,2010,37.6k
Oman,1990,24.6k
Oman,1991,25.5k
Oman,1992,27.1k
Oman,1993,28.2k
Oman,1994,29k
Oman,1995,30.5k
Oman,1996,31.5k
Oman,1997,33.5k
Oman,1998,34.5k
Oman,1999,34.6k
Oman,2000,36.8k
Oman,2001,38.3k
Oman,2002,37.7k
Oman,2003,36.4k
Oman,2004,36.5k
Oman,2005,36.8k
Oman,2006,38.1k
Oman,2007,39.1k
Oman,2008,41.5k
Oman,2009,43.1k
Oman,2010,40.8k
Pakistan,1990,3180
Pakistan,1991,3260
Pakistan,1992,3390
Pakistan,1993,3380
Pakistan,1994,3410
Pakistan,1995,3480
Pakistan,1996,3520
Pakistan,1997,3460
Pakistan,1998,3450
Pakistan,1999,3470
Pakistan,2000,3500
Pakistan,2001,3500
Pakistan,2002,3500
Pakistan,2003,3610
Pakistan,2004,3780
Pakistan,2005,3930
Pakistan,2006,4060
Pakistan,2007,4140
Pakistan,2008,4100
Pakistan,2009,4110
Pakistan,2010,4060
Panama,1990,10.5k
Panama,1991,11.3k
Panama,1992,12k
Panama,1993,12.4k
Panama,1994,12.6k
Panama,1995,12.6k
Panama,1996,12.8k
Panama,1997,13.4k
Panama,1998,14.1k
Panama,1999,14.4k
Panama,2000,14.5k
Panama,2001,14.3k
Panama,2002,14.4k
Panama,2003,14.7k
Panama,2004,15.6k
Panama,2005,16.4k
Panama,2006,17.5k
Panama,2007,19.2k
Panama,2008,20.7k
Panama,2009,20.6k
Panama,2010,21.5k
Peru,1990,5610
Peru,1991,5600
Peru,1992,5440
Peru,1993,5600
Peru,1994,6140
Peru,1995,6460
Peru,1996,6500
Peru,1997,6770
Peru,1998,6610
Peru,1999,6580
Peru,2000,6630
Peru,2001,6560
Peru,2002,6810
Peru,2003,6990
Peru,2004,7240
Peru,2005,7590
Peru,2006,8070
Peru,2007,8650
Peru,2008,9340
Peru,2009,9330
Peru,2010,10000
Philippines,1990,4400
Philippines,1991,4280
Philippines,1992,4200
Philippines,1993,4190
Philippines,1994,4280
Philippines,1995,4370
Philippines,1996,4510
Philippines,1997,4620
Philippines,1998,4480
Philippines,1999,4520
Philippines,2000,4600
Philippines,2001,4630
Philippines,2002,4690
Philippines,2003,4820
Philippines,2004,5020
Philippines,2005,5150
Philippines,2006,5310
Philippines,2007,5530
Philippines,2008,5640
Philippines,2009,5600
Philippines,2010,5880
Palau,1990,18k
Palau,1991,16.8k
Palau,1992,15.3k
Palau,1993,13k
Palau,1994,13.5k
Palau,1995,14.5k
Palau,1996,15.6k
Palau,1997,15.5k
Palau,1998,15.4k
Palau,1999,14.2k
Palau,2000,13.8k
Palau,2001,14.5k
Palau,2002,15k
Palau,2003,14.4k
Palau,2004,15k
Palau,2005,15.6k
Palau,2006,15.7k
Palau,2007,16.2k
Palau,2008,15.4k
Palau,2009,14.5k
Palau,2010,14.7k
Papua New Guinea,1990,2960
Papua New Guinea,1991,3140
Papua New Guinea,1992,3460
Papua New Guinea,1993,3950
Papua New Guinea,1994,4040
Papua New Guinea,1995,3770
Papua New Guinea,1996,3920
Papua New Guinea,1997,3640
Papua New Guinea,1998,3380
Papua New Guinea,1999,3320
Papua New Guinea,2000,3130
Papua New Guinea,2001,3010
Papua New Guinea,2002,2910
Papua New Guinea,2003,2870
Papua New Guinea,2004,2850
Papua New Guinea,2005,2920
Papua New Guinea,2006,2970
Papua New Guinea,2007,3100
Papua New Guinea,2008,2990
Papua New Guinea,2009,3080
Papua New Guinea,2010,3280
Poland,1990,11.3k
Poland,1991,10.5k
Poland,1992,10.7k
Poland,1993,11.1k
Poland,1994,11.7k
Poland,1995,12.5k
Poland,1996,13.3k
Poland,1997,14.2k
Poland,1998,14.8k
Poland,1999,15.5k
Poland,2000,16.4k
Poland,2001,16.6k
Poland,2002,16.9k
Poland,2003,17.5k
Poland,2004,18.4k
Poland,2005,19k
Poland,2006,20.2k
Poland,2007,21.6k
Poland,2008,22.4k
Poland,2009,23k
Poland,2010,23.7k
North Korea,1990,3390
North Korea,1991,3200
North Korea,1992,2930
North Korea,1993,2760
North Korea,1994,2660
North Korea,1995,2510
North Korea,1996,2390
North Korea,1997,2220
North Korea,1998,2180
North Korea,1999,2300
North Korea,2000,2290
North Korea,2001,2350
North Korea,2002,2360
North Korea,2003,2390
North Korea,2004,2420
North Korea,2005,2500
North Korea,2006,2450
North Korea,2007,2410
North Korea,2008,2480
North Korea,2009,2440
North Korea,2010,2420
Portugal,1990,23.7k
Portugal,1991,24.7k
Portugal,1992,25.2k
Portugal,1993,24.7k
Portugal,1994,24.9k
Portugal,1995,25.8k
Portugal,1996,26.6k
Portugal,1997,27.6k
Portugal,1998,28.8k
Portugal,1999,29.8k
Portugal,2000,30.7k
Portugal,2001,31k
Portugal,2002,31.1k
Portugal,2003,30.7k
Portugal,2004,31.1k
Portugal,2005,31.3k
Portugal,2006,31.7k
Portugal,2007,32.4k
Portugal,2008,32.4k
Portugal,2009,31.3k
Portugal,2010,31.8k
Paraguay,1990,8340
Paraguay,1991,8410
Paraguay,1992,8360
Paraguay,1993,8570
Paraguay,1994,8790
Paraguay,1995,9170
Paraguay,1996,9110
Paraguay,1997,9300
Paraguay,1998,9160
Paraguay,1999,8880
Paraguay,2000,8530
Paraguay,2001,8380
Paraguay,2002,8420
Paraguay,2003,8690
Paraguay,2004,8950
Paraguay,2005,9050
Paraguay,2006,9400
Paraguay,2007,9820
Paraguay,2008,10.4k
Paraguay,2009,10.3k
Paraguay,2010,11.3k
Palestine,1990,3970
Palestine,1991,3560
Palestine,1992,4140
Palestine,1993,4290
Palestine,1994,4670
Palestine,1995,4680
Palestine,1996,4450
Palestine,1997,4790
Palestine,1998,5270
Palestine,1999,5490
Palestine,2000,4840
Palestine,2001,4230
Palestine,2002,3580
Palestine,2003,3940
Palestine,2004,4600
Palestine,2005,4960
Palestine,2006,4750
Palestine,2007,4800
Palestine,2008,4990
Palestine,2009,5260
Palestine,2010,5410
Qatar,1990,38.9k
Qatar,1991,39.2k
Qatar,1992,44.8k
Qatar,1993,45.8k
Qatar,1994,48k
Qatar,1995,49.3k
Qatar,1996,51.8k
Qatar,1997,66k
Qatar,1998,71.8k
Qatar,1999,73.2k
Qatar,2000,76.9k
Qatar,2001,77.4k
Qatar,2002,80.1k
Qatar,2003,79.8k
Qatar,2004,91.8k
Qatar,2005,90.6k
Qatar,2006,95.9k
Qatar,2007,93.3k
Qatar,2008,93.3k
Qatar,2009,93.2k
Qatar,2010,104k
Romania,1990,11.5k
Romania,1991,10.2k
Romania,1992,9560
Romania,1993,9860
Romania,1994,10.4k
Romania,1995,11.2k
Romania,1996,11.9k
Romania,1997,11.5k
Romania,1998,11.3k
Romania,1999,11.4k
Romania,2000,11.8k
Romania,2001,12.7k
Romania,2002,13.8k
Romania,2003,14.3k
Romania,2004,15.9k
Romania,2005,16.8k
Romania,2006,18.3k
Romania,2007,19.9k
Romania,2008,22.2k
Romania,2009,21.1k
Romania,2010,20.4k
Russia,1990,20.2k
Russia,1991,19.3k
Russia,1992,16.6k
Russia,1993,15.3k
Russia,1994,13.5k
Russia,1995,13k
Russia,1996,12.6k
Russia,1997,12.9k
Russia,1998,12.3k
Russia,1999,13.2k
Russia,2000,14.6k
Russia,2001,15.4k
Russia,2002,16.3k
Russia,2003,17.6k
Russia,2004,18.9k
Russia,2005,20.2k
Russia,2006,21.9k
Russia,2007,23.8k
Russia,2008,25k
Russia,2009,23k
Russia,2010,24k
Rwanda,1990,1150
Rwanda,1991,1070
Rwanda,1992,1090
Rwanda,1993,955
Rwanda,1994,564
Rwanda,1995,879
Rwanda,1996,827
Rwanda,1997,811
Rwanda,1998,844
Rwanda,1999,863
Rwanda,2000,914
Rwanda,2001,967
Rwanda,2002,1060
Rwanda,2003,1050
Rwanda,2004,1090
Rwanda,2005,1160
Rwanda,2006,1220
Rwanda,2007,1270
Rwanda,2008,1370
Rwanda,2009,1410
Rwanda,2010,1470
Saudi Arabia,1990,33.9k
Saudi Arabia,1991,38.5k
Saudi Arabia,1992,39.6k
Saudi Arabia,1993,38.7k
Saudi Arabia,1994,38.6k
Saudi Arabia,1995,38.3k
Saudi Arabia,1996,38.9k
Saudi Arabia,1997,38.9k
Saudi Arabia,1998,39.6k
Saudi Arabia,1999,37.6k
Saudi Arabia,2000,39.1k
Saudi Arabia,2001,38.1k
Saudi Arabia,2002,36.4k
Saudi Arabia,2003,39.8k
Saudi Arabia,2004,42.2k
Saudi Arabia,2005,43.4k
Saudi Arabia,2006,43k
Saudi Arabia,2007,42.2k
Saudi Arabia,2008,43.1k
Saudi Arabia,2009,40.5k
Saudi Arabia,2010,41.1k
Sudan,1990,2390
Sudan,1991,2540
Sudan,1992,2690
Sudan,1993,2780
Sudan,1994,2780
Sudan,1995,2900
Sudan,1996,3030
Sudan,1997,3490
Sudan,1998,3600
Sudan,1999,3660
Sudan,2000,3820
Sudan,2001,3990
Sudan,2002,4150
Sudan,2003,4330
Sudan,2004,4460
Sudan,2005,4610
Sudan,2006,4800
Sudan,2007,4940
Sudan,2008,4990
Sudan,2009,4710
Sudan,2010,4750
Senegal,1990,2550
Senegal,1991,2540
Senegal,1992,2490
Senegal,1993,2450
Senegal,1994,2380
Senegal,1995,2440
Senegal,1996,2430
Senegal,1997,2440
Senegal,1998,2520
Senegal,1999,2610
Senegal,2000,2640
Senegal,2001,2680
Senegal,2002,2620
Senegal,2003,2700
Senegal,2004,2750
Senegal,2005,2800
Senegal,2006,2790
Senegal,2007,2790
Senegal,2008,2820
Senegal,2009,2810
Senegal,2010,2830
Singapore,1990,35.5k
Singapore,1991,37k
Singapore,1992,38.5k
Singapore,1993,42k
Singapore,1994,45.4k
Singapore,1995,47.4k
Singapore,1996,49.2k
Singapore,1997,51.8k
Singapore,1998,49.2k
Singapore,1999,51.6k
Singapore,2000,55.4k
Singapore,2001,53.5k
Singapore,2002,55.1k
Singapore,2003,58.3k
Singapore,2004,63.4k
Singapore,2005,66.6k
Singapore,2006,70.5k
Singapore,2007,73.9k
Singapore,2008,71.5k
Singapore,2009,69.5k
Singapore,2010,78.1k
Solomon Islands,1990,2310
Solomon Islands,1991,2370
Solomon Islands,1992,2580
Solomon Islands,1993,2600
Solomon Islands,1994,2730
Solomon Islands,1995,2910
Solomon Islands,1996,2860
Solomon Islands,1997,2750
Solomon Islands,1998,2700
Solomon Islands,1999,2610
Solomon Islands,2000,2180
Solomon Islands,2001,1950
Solomon Islands,2002,1850
Solomon Islands,2003,1920
Solomon Islands,2004,2010
Solomon Islands,2005,2100
Solomon Islands,2006,2140
Solomon Islands,2007,2170
Solomon Islands,2008,2250
Solomon Islands,2009,2250
Solomon Islands,2010,2410
Sierra Leone,1990,1650
Sierra Leone,1991,1600
Sierra Leone,1992,1350
Sierra Leone,1993,1370
Sierra Leone,1994,1360
Sierra Leone,1995,1240
Sierra Leone,1996,1180
Sierra Leone,1997,1070
Sierra Leone,1998,1070
Sierra Leone,1999,1030
Sierra Leone,2000,1070
Sierra Leone,2001,974
Sierra Leone,2002,1160
Sierra Leone,2003,1210
Sierra Leone,2004,1240
Sierra Leone,2005,1260
Sierra Leone,2006,1280
Sierra Leone,2007,1340
Sierra Leone,2008,1380
Sierra Leone,2009,1370
Sierra Leone,2010,1400
El Salvador,1990,5040
El Salvador,1991,5090
El Salvador,1992,5390
El Salvador,1993,5670
El Salvador,1994,5910
El Salvador,1995,6170
El Salvador,1996,6180
El Salvador,1997,6340
El Salvador,1998,6480
El Salvador,1999,6590
El Salvador,2000,6630
El Salvador,2001,6670
El Salvador,2002,6750
El Salvador,2003,6830
El Salvador,2004,6870
El Salvador,2005,7040
El Salvador,2006,7330
El Salvador,2007,7440
El Salvador,2008,7540
El Salvador,2009,7320
El Salvador,2010,7410
San Marino,1990,56.1k
San Marino,1991,56k
San Marino,1992,55.4k
San Marino,1993,59.2k
San Marino,1994,62.3k
San Marino,1995,67.1k
San Marino,1996,69.5k
San Marino,1997,70.3k
San Marino,1998,74.2k
San Marino,1999,79.3k
San Marino,2000,79.5k
San Marino,2001,82k
San Marino,2002,80.1k
San Marino,2003,81.1k
San Marino,2004,82.9k
San Marino,2005,83.3k
San Marino,2006,84.8k
San Marino,2007,89.2k
San Marino,2008,87.4k
San Marino,2009,77k
San Marino,2010,71.2k
Somalia,1990,1300
Somalia,1991,1290
Somalia,1992,1140
Somalia,1993,1140
Somalia,1994,902
Somalia,1995,892
Somalia,1996,908
Somalia,1997,859
Somalia,1998,851
Somalia,1999,848
Somalia,2000,845
Somalia,2001,846
Somalia,2002,851
Somalia,2003,857
Somalia,2004,861
Somalia,2005,864
Somalia,2006,863
Somalia,2007,863
Somalia,2008,863
Somalia,2009,864
Somalia,2010,862
Serbia,1990,15.8k
Serbia,1991,14k
Serbia,1992,10.1k
Serbia,1993,7030
Serbia,1994,7230
Serbia,1995,7670
Serbia,1996,8180
Serbia,1997,8840
Serbia,1998,9190
Serbia,1999,8250
Serbia,2000,8830
Serbia,2001,9470
Serbia,2002,10.1k
Serbia,2003,10.6k
Serbia,2004,11.6k
Serbia,2005,12.3k
Serbia,2006,13k
Serbia,2007,13.9k
Serbia,2008,14.7k
Serbia,2009,14.4k
Serbia,2010,14.5k
South Sudan,1990,2620
South Sudan,1991,2620
South Sudan,1992,2330
South Sudan,1993,2360
South Sudan,1994,1880
South Sudan,1995,1870
South Sudan,1996,1920
South Sudan,1997,1830
South Sudan,1998,1830
South Sudan,1999,1840
South Sudan,2000,1850
South Sudan,2001,1870
South Sudan,2002,1900
South Sudan,2003,1920
South Sudan,2004,1950
South Sudan,2005,1970
South Sudan,2006,1990
South Sudan,2007,2000
South Sudan,2008,2020
South Sudan,2009,2040
South Sudan,2010,2050
Sao Tome and Principe,1990,2780
Sao Tome and Principe,1991,2730
Sao Tome and Principe,1992,2680
Sao Tome and Principe,1993,2670
Sao Tome and Principe,1994,2670
Sao Tome and Principe,1995,2670
Sao Tome and Principe,1996,2660
Sao Tome and Principe,1997,2630
Sao Tome and Principe,1998,2640
Sao Tome and Principe,1999,2650
Sao Tome and Principe,2000,2610
Sao Tome and Principe,2001,2620
Sao Tome and Principe,2002,2640
Sao Tome and Principe,2003,2780
Sao Tome and Principe,2004,2800
Sao Tome and Principe,2005,2900
Sao Tome and Principe,2006,3080
Sao Tome and Principe,2007,3100
Sao Tome and Principe,2008,3210
Sao Tome and Principe,2009,3200
Sao Tome and Principe,2010,3320
Suriname,1990,13.9k
Suriname,1991,14.1k
Suriname,1992,14k
Suriname,1993,12.9k
Suriname,1994,13.2k
Suriname,1995,12.9k
Suriname,1996,12.8k
Suriname,1997,13.3k
Suriname,1998,13.3k
Suriname,1999,12.9k
Suriname,2000,13k
Suriname,2001,13.3k
Suriname,2002,13.4k
Suriname,2003,14k
Suriname,2004,15k
Suriname,2005,15.5k
Suriname,2006,16.2k
Suriname,2007,16.8k
Suriname,2008,17.3k
Suriname,2009,17.6k
Suriname,2010,18.3k
Slovak Republic,1990,15.4k
Slovak Republic,1991,13.1k
Slovak Republic,1992,12.1k
Slovak Republic,1993,12.4k
Slovak Republic,1994,13.1k
Slovak Republic,1995,13.9k
Slovak Republic,1996,14.7k
Slovak Republic,1997,15.5k
Slovak Republic,1998,16k
Slovak Republic,1999,15.9k
Slovak Republic,2000,16.1k
Slovak Republic,2001,16.6k
Slovak Republic,2002,17.3k
Slovak Republic,2003,18.2k
Slovak Republic,2004,19.1k
Slovak Republic,2005,20.3k
Slovak Republic,2006,22k
Slovak Republic,2007,24.3k
Slovak Republic,2008,25.5k
Slovak Republic,2009,24k
Slovak Republic,2010,25.6k
Slovenia,1990,22.9k
Slovenia,1991,20.7k
Slovenia,1992,19.6k
Slovenia,1993,20.2k
Slovenia,1994,21.2k
Slovenia,1995,22.1k
Slovenia,1996,22.8k
Slovenia,1997,23.9k
Slovenia,1998,24.7k
Slovenia,1999,25.9k
Slovenia,2000,26.8k
Slovenia,2001,27.5k
Slovenia,2002,28.4k
Slovenia,2003,29.1k
Slovenia,2004,30.3k
Slovenia,2005,31.4k
Slovenia,2006,33k
Slovenia,2007,35.1k
Slovenia,2008,36.2k
Slovenia,2009,33.1k
Slovenia,2010,33.4k
Sweden,1990,35.5k
Sweden,1991,34.8k
Sweden,1992,34.1k
Sweden,1993,33.2k
Sweden,1994,34.2k
Sweden,1995,35.3k
Sweden,1996,35.8k
Sweden,1997,36.8k
Sweden,1998,38.3k
Sweden,1999,39.8k
Sweden,2000,41.5k
Sweden,2001,41.9k
Sweden,2002,42.7k
Sweden,2003,43.4k
Sweden,2004,45k
Sweden,2005,46k
Sweden,2006,47.8k
Sweden,2007,49k
Sweden,2008,48.2k
Sweden,2009,45.6k
Sweden,2010,47.8k
Eswatini,1990,5040
Eswatini,1991,4940
Eswatini,1992,4920
Eswatini,1993,4940
Eswatini,1994,5060
Eswatini,1995,5310
Eswatini,1996,5400
Eswatini,1997,5460
Eswatini,1998,5520
Eswatini,1999,5600
Eswatini,2000,5620
Eswatini,2001,5610
Eswatini,2002,5780
Eswatini,2003,5950
Eswatini,2004,6110
Eswatini,2005,6420
Eswatini,2006,6740
Eswatini,2007,6970
Eswatini,2008,6970
Eswatini,2009,7020
Eswatini,2010,7220
Seychelles,1990,13.8k
Seychelles,1991,14.1k
Seychelles,1992,15.2k
Seychelles,1993,16k
Seychelles,1994,15.6k
Seychelles,1995,15.4k
Seychelles,1996,16k
Seychelles,1997,17.9k
Seychelles,1998,19.2k
Seychelles,1999,19.3k
Seychelles,2000,19.4k
Seychelles,2001,19k
Seychelles,2002,18.7k
Seychelles,2003,17.8k
Seychelles,2004,17.3k
Seychelles,2005,18.8k
Seychelles,2006,20.2k
Seychelles,2007,22.1k
Seychelles,2008,21.1k
Seychelles,2009,20.8k
Seychelles,2010,21.3k
Syria,1990,8630
Syria,1991,8950
Syria,1992,9700
Syria,1993,9810
Syria,1994,10k
Syria,1995,10.3k
Syria,1996,10.7k
Syria,1997,10.7k
Syria,1998,11k
Syria,1999,10.3k
Syria,2000,10k
Syria,2001,10.1k
Syria,2002,10.7k
Syria,2003,10.5k
Syria,2004,10.9k
Syria,2005,11.2k
Syria,2006,11.4k
Syria,2007,11.5k
Syria,2008,11.6k
Syria,2009,12k
Syria,2010,12.4k
Chad,1990,1010
Chad,1991,1050
Chad,1992,1070
Chad,1993,924
Chad,1994,989
Chad,1995,960
Chad,1996,942
Chad,1997,964
Chad,1998,998
Chad,1999,959
Chad,2000,920
Chad,2001,994
Chad,2002,1040
Chad,2003,1150
Chad,2004,1470
Chad,2005,1640
Chad,2006,1590
Chad,2007,1600
Chad,2008,1590
Chad,2009,1590
Chad,2010,1740
Togo,1990,1750
Togo,1991,1690
Togo,1992,1590
Togo,1993,1350
Togo,1994,1550
Togo,1995,1590
Togo,1996,1660
Togo,1997,1810
Togo,1998,1720
Togo,1999,1720
Togo,2000,1660
Togo,2001,1630
Togo,2002,1640
Togo,2003,1710
Togo,2004,1660
Togo,2005,1550
Togo,2006,1550
Togo,2007,1490
Togo,2008,1500
Togo,2009,1540
Togo,2010,1590
Thailand,1990,8020
Thailand,1991,8520
Thailand,1992,9040
Thailand,1993,9600
Thailand,1994,10.2k
Thailand,1995,10.8k
Thailand,1996,11.2k
Thailand,1997,10.7k
Thailand,1998,9670
Thailand,1999,9950
Thailand,2000,10.2k
Thailand,2001,10.4k
Thailand,2002,10.9k
Thailand,2003,11.6k
Thailand,2004,12.1k
Thailand,2005,12.5k
Thailand,2006,12.9k
Thailand,2007,13.5k
Thailand,2008,13.6k
Thailand,2009,13.3k
Thailand,2010,14.2k
Tajikistan,1990,4620
Tajikistan,1991,4130
Tajikistan,1992,2830
Tajikistan,1993,2360
Tajikistan,1994,1810
Tajikistan,1995,1550
Tajikistan,1996,1290
Tajikistan,1997,1280
Tajikistan,1998,1320
Tajikistan,1999,1350
Tajikistan,2000,1430
Tajikistan,2001,1520
Tajikistan,2002,1630
Tajikistan,2003,1760
Tajikistan,2004,1890
Tajikistan,2005,1960
Tajikistan,2006,2050
Tajikistan,2007,2150
Tajikistan,2008,2260
Tajikistan,2009,2280
Tajikistan,2010,2360
Turkmenistan,1990,7390
Turkmenistan,1991,6870
Turkmenistan,1992,5700
Turkmenistan,1993,5640
Turkmenistan,1994,4560
Turkmenistan,1995,4140
Turkmenistan,1996,4220
Turkmenistan,1997,3690
Turkmenistan,1998,3900
Turkmenistan,1999,4470
Turkmenistan,2000,4730
Turkmenistan,2001,4940
Turkmenistan,2002,4950
Turkmenistan,2003,5080
Turkmenistan,2004,5260
Turkmenistan,2005,5800
Turkmenistan,2006,6280
Turkmenistan,2007,6800
Turkmenistan,2008,7600
Turkmenistan,2009,7840
Turkmenistan,2010,8320
Timor-Leste,1990,2230
Timor-Leste,1991,2360
Timor-Leste,1992,2490
Timor-Leste,1993,2630
Timor-Leste,1994,2800
Timor-Leste,1995,3000
Timor-Leste,1996,3300
Timor-Leste,1997,3460
Timor-Leste,1998,3420
Timor-Leste,1999,2210
Timor-Leste,2000,2550
Timor-Leste,2001,2860
Timor-Leste,2002,2600
Timor-Leste,2003,2470
Timor-Leste,2004,2520
Timor-Leste,2005,2540
Timor-Leste,2006,2380
Timor-Leste,2007,2490
Timor-Leste,2008,2650
Timor-Leste,2009,2780
Timor-Leste,2010,2910
Tonga,1990,3970
Tonga,1991,4190
Tonga,1992,4170
Tonga,1993,4300
Tonga,1994,4480
Tonga,1995,4740
Tonga,1996,4780
Tonga,1997,4790
Tonga,1998,4860
Tonga,1999,4990
Tonga,2000,5010
Tonga,2001,5140
Tonga,2002,5330
Tonga,2003,5400
Tonga,2004,5230
Tonga,2005,5190
Tonga,2006,5130
Tonga,2007,5090
Tonga,2008,5290
Tonga,2009,4990
Tonga,2010,5000
Trinidad and Tobago,1990,11.9k
Trinidad and Tobago,1991,12k
Trinidad and Tobago,1992,12.7k
Trinidad and Tobago,1993,12.4k
Trinidad and Tobago,1994,12.5k
Trinidad and Tobago,1995,12.9k
Trinidad and Tobago,1996,13.6k
Trinidad and Tobago,1997,14.4k
Trinidad and Tobago,1998,15.4k
Trinidad and Tobago,1999,16.5k
Trinidad and Tobago,2000,17.4k
Trinidad and Tobago,2001,17.9k
Trinidad and Tobago,2002,19k
Trinidad and Tobago,2003,21.5k
Trinidad and Tobago,2004,22.9k
Trinidad and Tobago,2005,24k
Trinidad and Tobago,2006,26.9k
Trinidad and Tobago,2007,27.8k
Trinidad and Tobago,2008,28.4k
Trinidad and Tobago,2009,26.8k
Trinidad and Tobago,2010,27.3k
Tunisia,1990,6110
Tunisia,1991,6200
Tunisia,1992,6530
Tunisia,1993,6530
Tunisia,1994,6600
Tunisia,1995,6630
Tunisia,1996,6970
Tunisia,1997,7220
Tunisia,1998,7450
Tunisia,1999,7780
Tunisia,2000,8020
Tunisia,2001,8220
Tunisia,2002,8210
Tunisia,2003,8480
Tunisia,2004,8880
Tunisia,2005,9070
Tunisia,2006,9410
Tunisia,2007,9900
Tunisia,2008,10.2k
Tunisia,2009,10.3k
Tunisia,2010,10.5k
Turkey,1990,12.4k
Turkey,1991,12.3k
Turkey,1992,12.8k
Turkey,1993,13.6k
Turkey,1994,12.7k
Turkey,1995,13.5k
Turkey,1996,14.3k
Turkey,1997,15.2k
Turkey,1998,15.4k
Turkey,1999,14.6k
Turkey,2000,15.4k
Turkey,2001,14.3k
Turkey,2002,15k
Turkey,2003,15.6k
Turkey,2004,16.9k
Turkey,2005,18.2k
Turkey,2006,19.2k
Turkey,2007,19.9k
Turkey,2008,19.8k
Turkey,2009,18.5k
Turkey,2010,19.8k
Tuvalu,1990,2860
Tuvalu,1991,2910
Tuvalu,1992,2950
Tuvalu,1993,3040
Tuvalu,1994,3330
Tuvalu,1995,3140
Tuvalu,1996,2940
Tuvalu,1997,3220
Tuvalu,1998,3700
Tuvalu,1999,3630
Tuvalu,2000,3580
Tuvalu,2001,3580
Tuvalu,2002,3900
Tuvalu,2003,3700
Tuvalu,2004,3570
Tuvalu,2005,3350
Tuvalu,2006,3380
Tuvalu,2007,3570
Tuvalu,2008,3760
Tuvalu,2009,3470
Tuvalu,2010,3330
Taiwan,1990,17.5k
Taiwan,1991,18.6k
Taiwan,1992,19.9k
Taiwan,1993,20.9k
Taiwan,1994,22.2k
Taiwan,1995,23.3k
Taiwan,1996,24.5k
Taiwan,1997,25.6k
Taiwan,1998,26.3k
Taiwan,1999,27.7k
Taiwan,2000,29.1k
Taiwan,2001,28.4k
Taiwan,2002,29.7k
Taiwan,2003,30.7k
Taiwan,2004,32.5k
Taiwan,2005,34k
Taiwan,2006,35.6k
Taiwan,2007,37.8k
Taiwan,2008,37.8k
Taiwan,2009,37k
Taiwan,2010,40.5k
Tanzania,1990,1300
Tanzania,1991,1310
Tanzania,1992,1290
Tanzania,1993,1270
Tanzania,1994,1250
Tanzania,1995,1260
Tanzania,1996,1300
Tanzania,1997,1330
Tanzania,1998,1340
Tanzania,1999,1380
Tanzania,2000,1400
Tanzania,2001,1450
Tanzania,2002,1510
Tanzania,2003,1570
Tanzania,2004,1640
Tanzania,2005,1710
Tanzania,2006,1760
Tanzania,2007,1830
Tanzania,2008,1870
Tanzania,2009,1910
Tanzania,2010,1970
Uganda,1990,1000
Uganda,1991,1010
Uganda,1992,1010
Uganda,1993,1040
Uganda,1994,1070
Uganda,1995,1150
Uganda,1996,1210
Uganda,1997,1230
Uganda,1998,1250
Uganda,1999,1300
Uganda,2000,1290
Uganda,2001,1320
Uganda,2002,1380
Uganda,2003,1420
Uganda,2004,1460
Uganda,2005,1510
Uganda,2006,1610
Uganda,2007,1690
Uganda,2008,1780
Uganda,2009,1840
Uganda,2010,1880
Ukraine,1990,15.5k
Ukraine,1991,14.2k
Ukraine,1992,12.9k
Ukraine,1993,11.1k
Ukraine,1994,8650
Ukraine,1995,7700
Ukraine,1996,7020
Ukraine,1997,6910
Ukraine,1998,6860
Ukraine,1999,6940
Ukraine,2000,7450
Ukraine,2001,8220
Ukraine,2002,8760
Ukraine,2003,9690
Ukraine,2004,10.9k
Ukraine,2005,11.4k
Ukraine,2006,12.3k
Ukraine,2007,13.4k
Ukraine,2008,13.8k
Ukraine,2009,11.7k
Ukraine,2010,12.2k
Uruguay,1990,11.9k
Uruguay,1991,12.2k
Uruguay,1992,13k
Uruguay,1993,13.2k
Uruguay,1994,14.1k
Uruguay,1995,13.7k
Uruguay,1996,14.4k
Uruguay,1997,15.4k
Uruguay,1998,15.9k
Uruguay,1999,15.5k
Uruguay,2000,15.1k
Uruguay,2001,14.4k
Uruguay,2002,13.2k
Uruguay,2003,13.3k
Uruguay,2004,13.9k
Uruguay,2005,14.8k
Uruguay,2006,15.4k
Uruguay,2007,16.3k
Uruguay,2008,17.4k
Uruguay,2009,18k
Uruguay,2010,19.3k
United States,1990,43.3k
United States,1991,42.5k
United States,1992,43.3k
United States,1993,43.7k
United States,1994,44.8k
United States,1995,45.3k
United States,1996,46.3k
United States,1997,47.6k
United States,1998,49k
United States,1999,50.6k
United States,2000,51.9k
United States,2001,51.7k
United States,2002,51.9k
United States,2003,52.8k
United States,2004,54.1k
United States,2005,55.3k
United States,2006,56.1k
United States,2007,56.5k
United States,2008,55.8k
United States,2009,53.7k
United States,2010,54.5k
Uzbekistan,1990,4780
Uzbekistan,1991,4560
Uzbekistan,1992,3890
Uzbekistan,1993,3650
Uzbekistan,1994,3340
Uzbekistan,1995,3200
Uzbekistan,1996,3140
Uzbekistan,1997,3190
Uzbekistan,1998,3230
Uzbekistan,1999,3280
Uzbekistan,2000,3320
Uzbekistan,2001,3370
Uzbekistan,2002,3420
Uzbekistan,2003,3480
Uzbekistan,2004,3650
Uzbekistan,2005,3810
Uzbekistan,2006,4000
Uzbekistan,2007,4280
Uzbekistan,2008,4540
Uzbekistan,2009,4780
Uzbekistan,2010,4950
St. Vincent and the Grenadines,1990,6830
St. Vincent and the Grenadines,1991,6870
St. Vincent and the Grenadines,1992,7270
St. Vincent and the Grenadines,1993,7540
St. Vincent and the Grenadines,1994,7410
St. Vincent and the Grenadines,1995,7950
St. Vincent and the Grenadines,1996,8030
St. Vincent and the Grenadines,1997,8290
St. Vincent and the Grenadines,1998,8610
St. Vincent and the Grenadines,1999,8830
St. Vincent and the Grenadines,2000,8970
St. Vincent and the Grenadines,2001,9110
St. Vincent and the Grenadines,2002,9600
St. Vincent and the Grenadines,2003,10.2k
St. Vincent and the Grenadines,2004,10.7k
St. Vincent and the Grenadines,2005,11k
St. Vincent and the Grenadines,2006,11.8k
St. Vincent and the Grenadines,2007,12.2k
St. Vincent and the Grenadines,2008,12.3k
St. Vincent and the Grenadines,2009,12.1k
St. Vincent and the Grenadines,2010,11.6k
Venezuela,1990,17k
Venezuela,1991,18.2k
Venezuela,1992,18.8k
Venezuela,1993,18.5k
Venezuela,1994,17.6k
Venezuela,1995,17.9k
Venezuela,1996,17.5k
Venezuela,1997,18.2k
Venezuela,1998,17.9k
Venezuela,1999,16.5k
Venezuela,2000,16.5k
Venezuela,2001,16.8k
Venezuela,2002,15k
Venezuela,2003,13.6k
Venezuela,2004,15.8k
Venezuela,2005,17.1k
Venezuela,2006,18.4k
Venezuela,2007,19.7k
Venezuela,2008,20.3k
Venezuela,2009,19.3k
Venezuela,2010,18.7k
Vietnam,1990,2150
Vietnam,1991,2220
Vietnam,1992,2360
Vietnam,1993,2500
Vietnam,1994,2660
Vietnam,1995,2860
Vietnam,1996,3080
Vietnam,1997,3270
Vietnam,1998,3410
Vietnam,1999,3520
Vietnam,2000,3710
Vietnam,2001,3900
Vietnam,2002,4100
Vietnam,2003,4340
Vietnam,2004,4610
Vietnam,2005,4910
Vietnam,2006,5190
Vietnam,2007,5510
Vietnam,2008,5760
Vietnam,2009,6010
Vietnam,2010,6320
Vanuatu,1990,2970
Vanuatu,1991,2980
Vanuatu,1992,2970
Vanuatu,1993,2900
Vanuatu,1994,3080
Vanuatu,1995,3030
Vanuatu,1996,3020
Vanuatu,1997,3080
Vanuatu,1998,3060
Vanuatu,1999,2990
Vanuatu,2000,3080
Vanuatu,2001,2890
Vanuatu,2002,2660
Vanuatu,2003,2690
Vanuatu,2004,2720
Vanuatu,2005,2780
Vanuatu,2006,2930
Vanuatu,2007,2940
Vanuatu,2008,3020
Vanuatu,2009,3020
Vanuatu,2010,2970
Samoa,1990,4010
Samoa,1991,3890
Samoa,1992,3830
Samoa,1993,3940
Samoa,1994,3780
Samoa,1995,3970
Samoa,1996,4200
Samoa,1997,4170
Samoa,1998,4200
Samoa,1999,4230
Samoa,2000,4400
Samoa,2001,4660
Samoa,2002,4860
Samoa,2003,5060
Samoa,2004,5180
Samoa,2005,5470
Samoa,2006,5540
Samoa,2007,5520
Samoa,2008,5640
Samoa,2009,5540
Samoa,2010,5810
Yemen,1990,3710
Yemen,1991,3740
Yemen,1992,3820
Yemen,1993,3760
Yemen,1994,3800
Yemen,1995,3830
Yemen,1996,3840
Yemen,1997,3890
Yemen,1998,3980
Yemen,1999,3990
Yemen,2000,4100
Yemen,2001,4110
Yemen,2002,4130
Yemen,2003,4140
Yemen,2004,4160
Yemen,2005,4240
Yemen,2006,4230
Yemen,2007,4230
Yemen,2008,4240
Yemen,2009,4260
Yemen,2010,4440
South Africa,1990,9810
South Africa,1991,9550
South Africa,1992,9220
South Africa,1993,9230
South Africa,1994,9420
South Africa,1995,9620
South Africa,1996,9940
South Africa,1997,10.1k
South Africa,1998,10.1k
South Africa,1999,10.2k
South Africa,2000,10.6k
South Africa,2001,10.8k
South Africa,2002,11.1k
South Africa,2003,11.4k
South Africa,2004,11.8k
South Africa,2005,12.3k
South Africa,2006,12.8k
South Africa,2007,13.4k
South Africa,2008,13.6k
South Africa,2009,13.3k
South Africa,2010,13.5k
Zambia,1990,2130
Zambia,1991,2100
Zambia,1992,2050
Zambia,1993,2120
Zambia,1994,1890
Zambia,1995,1920
Zambia,1996,2000
Zambia,1997,2040
Zambia,1998,2000
Zambia,1999,2050
Zambia,2000,2080
Zambia,2001,2140
Zambia,2002,2170
Zambia,2003,2260
Zambia,2004,2350
Zambia,2005,2440
Zambia,2006,2550
Zambia,2007,2660
Zambia,2008,2770
Zambia,2009,2910
Zambia,2010,3080
Zimbabwe,1990,2790
Zimbabwe,1991,2860
Zimbabwe,1992,2530
Zimbabwe,1993,2520
Zimbabwe,1994,2730
Zimbabwe,1995,2700
Zimbabwe,1996,2930
Zimbabwe,1997,2960
Zimbabwe,1998,2990
Zimbabwe,1999,2920
Zimbabwe,2000,2790
Zimbabwe,2001,2810
Zimbabwe,2002,2540
Zimbabwe,2003,2100
Zimbabwe,2004,1960
Zimbabwe,2005,1830
Zimbabwe,2006,1750
Zimbabwe,2007,1670
Zimbabwe,2008,1360
Zimbabwe,2009,1500
Zimbabwe,2010,1800
