country,year,INDICE
Afghanistan,1990,60
Afghanistan,1991,60
Afghanistan,1992,60
Afghanistan,1993,60
Afghanistan,1994,60
Afghanistan,1995,150
Afghanistan,1996,150
Afghanistan,1997,150
Afghanistan,1998,150
Afghanistan,1999,150
Afghanistan,2000,150
Afghanistan,2001,150
Afghanistan,2002,150
Afghanistan,2003,150
Afghanistan,2004,350
Afghanistan,2005,350
Afghanistan,2006,350
Afghanistan,2007,350
Afghanistan,2008,350
Afghanistan,2009,350
Afghanistan,2010,350
Angola,1990,600
Angola,1991,1200
Angola,1992,1800
Angola,1993,2500
Angola,1994,3300
Angola,1995,4300
Angola,1996,5300
Angola,1997,6300
Angola,1998,7300
Angola,1999,8200
Angola,2000,9200
Angola,2001,10k
Angola,2002,11k
Angola,2003,12k
Angola,2004,12k
Angola,2005,13k
Angola,2006,13k
Angola,2007,13k
Angola,2008,12k
Angola,2009,11k
Angola,2010,
Argentina,1990,3000
Argentina,1991,3200
Argentina,1992,3400
Argentina,1993,3600
Argentina,1994,3800
Argentina,1995,3500
Argentina,1996,3200
Argentina,1997,3100
Argentina,1998,3000
Argentina,1999,3000
Argentina,2000,2700
Argentina,2001,2800
Argentina,2002,2800
Argentina,2003,2900
Argentina,2004,3100
Argentina,2005,3200
Argentina,2006,3200
Argentina,2007,3200
Argentina,2008,3000
Argentina,2009,2900
Argentina,2010,
Armenia,1990,60
Armenia,1991,60
Armenia,1992,60
Armenia,1993,60
Armenia,1994,60
Armenia,1995,60
Armenia,1996,60
Armenia,1997,60
Armenia,1998,60
Armenia,1999,150
Armenia,2000,150
Armenia,2001,150
Armenia,2002,350
Armenia,2003,350
Armenia,2004,350
Armenia,2005,350
Armenia,2006,350
Armenia,2007,350
Armenia,2008,350
Armenia,2009,350
Armenia,2010,350
Australia,1990,350
Australia,1991,600
Australia,1992,600
Australia,1993,600
Australia,1994,600
Australia,1995,600
Australia,1996,600
Australia,1997,350
Australia,1998,350
Australia,1999,350
Australia,2000,150
Australia,2001,150
Australia,2002,150
Australia,2003,150
Australia,2004,150
Australia,2005,150
Australia,2006,150
Australia,2007,150
Australia,2008,150
Australia,2009,150
Australia,2010,150
Austria,1990,60
Austria,1991,60
Austria,1992,60
Austria,1993,60
Austria,1994,60
Austria,1995,60
Austria,1996,60
Austria,1997,60
Austria,1998,60
Austria,1999,60
Austria,2000,60
Austria,2001,60
Austria,2002,60
Austria,2003,60
Austria,2004,60
Austria,2005,60
Austria,2006,60
Austria,2007,60
Austria,2008,60
Austria,2009,60
Austria,2010,60
Azerbaijan,1990,60
Azerbaijan,1991,60
Azerbaijan,1992,60
Azerbaijan,1993,60
Azerbaijan,1994,60
Azerbaijan,1995,60
Azerbaijan,1996,60
Azerbaijan,1997,60
Azerbaijan,1998,60
Azerbaijan,1999,60
Azerbaijan,2000,150
Azerbaijan,2001,150
Azerbaijan,2002,150
Azerbaijan,2003,350
Azerbaijan,2004,350
Azerbaijan,2005,350
Azerbaijan,2006,350
Azerbaijan,2007,350
Azerbaijan,2008,350
Azerbaijan,2009,350
Azerbaijan,2010,350
Burundi,1990,3900
Burundi,1991,4900
Burundi,1992,6000
Burundi,1993,7300
Burundi,1994,8600
Burundi,1995,9800
Burundi,1996,11k
Burundi,1997,12k
Burundi,1998,12k
Burundi,1999,13k
Burundi,2000,14k
Burundi,2001,14k
Burundi,2002,15k
Burundi,2003,15k
Burundi,2004,15k
Burundi,2005,15k
Burundi,2006,15k
Burundi,2007,15k
Burundi,2008,15k
Burundi,2009,15k
Burundi,2010,
Belgium,1990,60
Belgium,1991,60
Belgium,1992,60
Belgium,1993,60
Belgium,1994,60
Belgium,1995,60
Belgium,1996,150
Belgium,1997,150
Belgium,1998,60
Belgium,1999,60
Belgium,2000,60
Belgium,2001,60
Belgium,2002,60
Belgium,2003,60
Belgium,2004,60
Belgium,2005,60
Belgium,2006,60
Belgium,2007,60
Belgium,2008,60
Belgium,2009,60
Belgium,2010,60
Benin,1990,120
Benin,1991,300
Benin,1992,300
Benin,1993,300
Benin,1994,600
Benin,1995,600
Benin,1996,1300
Benin,1997,1700
Benin,1998,2200
Benin,1999,2600
Benin,2000,3000
Benin,2001,3100
Benin,2002,3300
Benin,2003,3500
Benin,2004,3600
Benin,2005,3700
Benin,2006,3500
Benin,2007,3200
Benin,2008,3100
Benin,2009,2700
Benin,2010,
Burkina Faso,1990,6700
Burkina Faso,1991,8500
Burkina Faso,1992,10k
Burkina Faso,1993,12k
Burkina Faso,1994,13k
Burkina Faso,1995,14k
Burkina Faso,1996,15k
Burkina Faso,1997,15k
Burkina Faso,1998,15k
Burkina Faso,1999,15k
Burkina Faso,2000,15k
Burkina Faso,2001,15k
Burkina Faso,2002,14k
Burkina Faso,2003,14k
Burkina Faso,2004,13k
Burkina Faso,2005,12k
Burkina Faso,2006,10k
Burkina Faso,2007,9300
Burkina Faso,2008,8300
Burkina Faso,2009,7100
Burkina Faso,2010,
Bangladesh,1990,60
Bangladesh,1991,60
Bangladesh,1992,60
Bangladesh,1993,60
Bangladesh,1994,60
Bangladesh,1995,60
Bangladesh,1996,60
Bangladesh,1997,60
Bangladesh,1998,60
Bangladesh,1999,60
Bangladesh,2000,60
Bangladesh,2001,60
Bangladesh,2002,60
Bangladesh,2003,60
Bangladesh,2004,60
Bangladesh,2005,120
Bangladesh,2006,120
Bangladesh,2007,120
Bangladesh,2008,120
Bangladesh,2009,120
Bangladesh,2010,
Bulgaria,1990,60
Bulgaria,1991,60
Bulgaria,1992,60
Bulgaria,1993,60
Bulgaria,1994,60
Bulgaria,1995,60
Bulgaria,1996,60
Bulgaria,1997,60
Bulgaria,1998,60
Bulgaria,1999,60
Bulgaria,2000,60
Bulgaria,2001,60
Bulgaria,2002,60
Bulgaria,2003,150
Bulgaria,2004,150
Bulgaria,2005,150
Bulgaria,2006,150
Bulgaria,2007,150
Bulgaria,2008,150
Bulgaria,2009,350
Bulgaria,2010,350
Bahamas,1990,350
Bahamas,1991,350
Bahamas,1992,600
Bahamas,1993,600
Bahamas,1994,600
Bahamas,1995,600
Bahamas,1996,600
Bahamas,1997,600
Bahamas,1998,600
Bahamas,1999,600
Bahamas,2000,600
Bahamas,2001,600
Bahamas,2002,600
Bahamas,2003,600
Bahamas,2004,600
Bahamas,2005,600
Bahamas,2006,350
Bahamas,2007,350
Bahamas,2008,350
Bahamas,2009,350
Bahamas,2010,350
Belarus,1990,60
Belarus,1991,60
Belarus,1992,60
Belarus,1993,60
Belarus,1994,60
Belarus,1995,60
Belarus,1996,60
Belarus,1997,60
Belarus,1998,60
Belarus,1999,60
Belarus,2000,60
Belarus,2001,60
Belarus,2002,150
Belarus,2003,300
Belarus,2004,300
Belarus,2005,300
Belarus,2006,300
Belarus,2007,600
Belarus,2008,600
Belarus,2009,1000
Belarus,2010,
Belize,1990,60
Belize,1991,60
Belize,1992,60
Belize,1993,60
Belize,1994,60
Belize,1995,150
Belize,1996,150
Belize,1997,150
Belize,1998,150
Belize,1999,150
Belize,2000,350
Belize,2001,350
Belize,2002,350
Belize,2003,350
Belize,2004,350
Belize,2005,350
Belize,2006,350
Belize,2007,350
Belize,2008,350
Belize,2009,350
Belize,2010,350
Bolivia,1990,1500
Bolivia,1991,1700
Bolivia,1992,1800
Bolivia,1993,2000
Bolivia,1994,2100
Bolivia,1995,2100
Bolivia,1996,2100
Bolivia,1997,2100
Bolivia,1998,2100
Bolivia,1999,2100
Bolivia,2000,2200
Bolivia,2001,2200
Bolivia,2002,2200
Bolivia,2003,2200
Bolivia,2004,2200
Bolivia,2005,2200
Bolivia,2006,2100
Bolivia,2007,2100
Bolivia,2008,2000
Bolivia,2009,1900
Bolivia,2010,1700
Brazil,1990,4600
Brazil,1991,5700
Brazil,1992,7000
Brazil,1993,8400
Brazil,1994,10k
Brazil,1995,12k
Brazil,1996,13k
Brazil,1997,13k
Brazil,1998,11k
Brazil,1999,10k
Brazil,2000,10k
Brazil,2001,11k
Brazil,2002,12k
Brazil,2003,12k
Brazil,2004,13k
Brazil,2005,13k
Brazil,2006,12k
Brazil,2007,14k
Brazil,2008,14k
Brazil,2009,14k
Brazil,2010,15k
Barbados,1990,60
Barbados,1991,60
Barbados,1992,60
Barbados,1993,60
Barbados,1994,60
Barbados,1995,60
Barbados,1996,60
Barbados,1997,60
Barbados,1998,60
Barbados,1999,60
Barbados,2000,60
Barbados,2001,60
Barbados,2002,60
Barbados,2003,60
Barbados,2004,60
Barbados,2005,60
Barbados,2006,60
Barbados,2007,60
Barbados,2008,60
Barbados,2009,60
Barbados,2010,60
Bhutan,1990,60
Bhutan,1991,60
Bhutan,1992,60
Bhutan,1993,60
Bhutan,1994,60
Bhutan,1995,60
Bhutan,1996,60
Bhutan,1997,60
Bhutan,1998,60
Bhutan,1999,60
Bhutan,2000,60
Bhutan,2001,60
Bhutan,2002,60
Bhutan,2003,60
Bhutan,2004,60
Bhutan,2005,60
Bhutan,2006,60
Bhutan,2007,60
Bhutan,2008,60
Bhutan,2009,60
Bhutan,2010,60
Botswana,1990,600
Botswana,1991,600
Botswana,1992,1300
Botswana,1993,2000
Botswana,1994,2900
Botswana,1995,4100
Botswana,1996,5500
Botswana,1997,7100
Botswana,1998,9000
Botswana,1999,11k
Botswana,2000,13k
Botswana,2001,15k
Botswana,2002,16k
Botswana,2003,17k
Botswana,2004,15k
Botswana,2005,12k
Botswana,2006,10k
Botswana,2007,9200
Botswana,2008,7900
Botswana,2009,5800
Botswana,2010,
Central African Republic,1990,1000
Central African Republic,1991,1600
Central African Republic,1992,2500
Central African Republic,1993,3700
Central African Republic,1994,5200
Central African Republic,1995,6900
Central African Republic,1996,8600
Central African Republic,1997,10k
Central African Republic,1998,12k
Central African Republic,1999,13k
Central African Republic,2000,14k
Central African Republic,2001,15k
Central African Republic,2002,15k
Central African Republic,2003,16k
Central African Republic,2004,16k
Central African Republic,2005,15k
Central African Republic,2006,15k
Central African Republic,2007,14k
Central African Republic,2008,12k
Central African Republic,2009,11k
Central African Republic,2010,
Canada,1990,1300
Canada,1991,1600
Canada,1992,1900
Canada,1993,2100
Canada,1994,2300
Canada,1995,2500
Canada,1996,2300
Canada,1997,600
Canada,1998,350
Canada,1999,350
Canada,2000,350
Canada,2001,350
Canada,2002,350
Canada,2003,350
Canada,2004,350
Canada,2005,350
Canada,2006,350
Canada,2007,350
Canada,2008,600
Canada,2009,350
Canada,2010,350
Switzerland,1990,150
Switzerland,1991,350
Switzerland,1992,350
Switzerland,1993,350
Switzerland,1994,350
Switzerland,1995,600
Switzerland,1996,600
Switzerland,1997,350
Switzerland,1998,60
Switzerland,1999,60
Switzerland,2000,60
Switzerland,2001,150
Switzerland,2002,150
Switzerland,2003,60
Switzerland,2004,60
Switzerland,2005,60
Switzerland,2006,60
Switzerland,2007,60
Switzerland,2008,60
Switzerland,2009,60
Switzerland,2010,60
China,1990,
China,1991,
China,1992,
China,1993,
China,1994,
China,1995,
China,1996,
China,1997,
China,1998,
China,1999,
China,2000,
China,2001,
China,2002,
China,2003,
China,2004,
China,2005,
China,2006,
China,2007,
China,2008,
China,2009,26k
China,2010,
Cote d'Ivoire,1990,3900
Cote d'Ivoire,1991,5800
Cote d'Ivoire,1992,8700
Cote d'Ivoire,1993,12k
Cote d'Ivoire,1994,17k
Cote d'Ivoire,1995,22k
Cote d'Ivoire,1996,28k
Cote d'Ivoire,1997,34k
Cote d'Ivoire,1998,39k
Cote d'Ivoire,1999,44k
Cote d'Ivoire,2000,48k
Cote d'Ivoire,2001,51k
Cote d'Ivoire,2002,52k
Cote d'Ivoire,2003,53k
Cote d'Ivoire,2004,53k
Cote d'Ivoire,2005,50k
Cote d'Ivoire,2006,47k
Cote d'Ivoire,2007,45k
Cote d'Ivoire,2008,41k
Cote d'Ivoire,2009,36k
Cote d'Ivoire,2010,
Cameroon,1990,600
Cameroon,1991,1300
Cameroon,1992,2100
Cameroon,1993,3500
Cameroon,1994,5600
Cameroon,1995,8400
Cameroon,1996,12k
Cameroon,1997,16k
Cameroon,1998,20k
Cameroon,1999,24k
Cameroon,2000,27k
Cameroon,2001,31k
Cameroon,2002,33k
Cameroon,2003,35k
Cameroon,2004,36k
Cameroon,2005,38k
Cameroon,2006,39k
Cameroon,2007,38k
Cameroon,2008,37k
Cameroon,2009,37k
Cameroon,2010,
"Congo, Rep.",1990,3000
"Congo, Rep.",1991,3600
"Congo, Rep.",1992,4200
"Congo, Rep.",1993,4700
"Congo, Rep.",1994,5000
"Congo, Rep.",1995,5300
"Congo, Rep.",1996,5500
"Congo, Rep.",1997,5600
"Congo, Rep.",1998,5600
"Congo, Rep.",1999,5700
"Congo, Rep.",2000,5700
"Congo, Rep.",2001,5800
"Congo, Rep.",2002,5800
"Congo, Rep.",2003,5900
"Congo, Rep.",2004,5900
"Congo, Rep.",2005,5700
"Congo, Rep.",2006,5100
"Congo, Rep.",2007,4800
"Congo, Rep.",2008,5000
"Congo, Rep.",2009,5100
"Congo, Rep.",2010,
Colombia,1990,1100
Colombia,1991,1500
Colombia,1992,2100
Colombia,1993,2900
Colombia,1994,3700
Colombia,1995,4700
Colombia,1996,5600
Colombia,1997,6500
Colombia,1998,7400
Colombia,1999,8200
Colombia,2000,8900
Colombia,2001,9300
Colombia,2002,7800
Colombia,2003,8000
Colombia,2004,8700
Colombia,2005,9300
Colombia,2006,9900
Colombia,2007,9200
Colombia,2008,9800
Colombia,2009,11k
Colombia,2010,11k
Comoros,1990,60
Comoros,1991,60
Comoros,1992,60
Comoros,1993,60
Comoros,1994,60
Comoros,1995,60
Comoros,1996,60
Comoros,1997,60
Comoros,1998,60
Comoros,1999,60
Comoros,2000,60
Comoros,2001,60
Comoros,2002,60
Comoros,2003,60
Comoros,2004,60
Comoros,2005,60
Comoros,2006,60
Comoros,2007,60
Comoros,2008,60
Comoros,2009,60
Comoros,2010,
Costa Rica,1990,60
Costa Rica,1991,60
Costa Rica,1992,60
Costa Rica,1993,60
Costa Rica,1994,150
Costa Rica,1995,150
Costa Rica,1996,150
Costa Rica,1997,150
Costa Rica,1998,350
Costa Rica,1999,350
Costa Rica,2000,350
Costa Rica,2001,150
Costa Rica,2002,60
Costa Rica,2003,60
Costa Rica,2004,150
Costa Rica,2005,150
Costa Rica,2006,150
Costa Rica,2007,350
Costa Rica,2008,350
Costa Rica,2009,350
Costa Rica,2010,350
Cuba,1990,60
Cuba,1991,60
Cuba,1992,60
Cuba,1993,150
Cuba,1994,150
Cuba,1995,150
Cuba,1996,150
Cuba,1997,150
Cuba,1998,150
Cuba,1999,150
Cuba,2000,350
Cuba,2001,350
Cuba,2002,150
Cuba,2003,60
Cuba,2004,60
Cuba,2005,150
Cuba,2006,150
Cuba,2007,350
Cuba,2008,150
Cuba,2009,150
Cuba,2010,150
Czech Republic,1990,60
Czech Republic,1991,60
Czech Republic,1992,60
Czech Republic,1993,60
Czech Republic,1994,60
Czech Republic,1995,60
Czech Republic,1996,60
Czech Republic,1997,60
Czech Republic,1998,60
Czech Republic,1999,60
Czech Republic,2000,60
Czech Republic,2001,60
Czech Republic,2002,60
Czech Republic,2003,60
Czech Republic,2004,60
Czech Republic,2005,60
Czech Republic,2006,60
Czech Republic,2007,60
Czech Republic,2008,60
Czech Republic,2009,60
Czech Republic,2010,
Germany,1990,2500
Germany,1991,2800
Germany,1992,3000
Germany,1993,3100
Germany,1994,3300
Germany,1995,3300
Germany,1996,2500
Germany,1997,1700
Germany,1998,1200
Germany,1999,600
Germany,2000,600
Germany,2001,600
Germany,2002,600
Germany,2003,600
Germany,2004,600
Germany,2005,600
Germany,2006,600
Germany,2007,600
Germany,2008,600
Germany,2009,600
Germany,2010,
Djibouti,1990,60
Djibouti,1991,120
Djibouti,1992,120
Djibouti,1993,120
Djibouti,1994,300
Djibouti,1995,300
Djibouti,1996,300
Djibouti,1997,300
Djibouti,1998,600
Djibouti,1999,600
Djibouti,2000,600
Djibouti,2001,600
Djibouti,2002,600
Djibouti,2003,600
Djibouti,2004,600
Djibouti,2005,600
Djibouti,2006,600
Djibouti,2007,600
Djibouti,2008,1000
Djibouti,2009,1000
Djibouti,2010,
Denmark,1990,60
Denmark,1991,60
Denmark,1992,60
Denmark,1993,60
Denmark,1994,120
Denmark,1995,120
Denmark,1996,120
Denmark,1997,60
Denmark,1998,60
Denmark,1999,60
Denmark,2000,60
Denmark,2001,60
Denmark,2002,60
Denmark,2003,60
Denmark,2004,60
Denmark,2005,60
Denmark,2006,60
Denmark,2007,60
Denmark,2008,60
Denmark,2009,60
Denmark,2010,
Dominican Republic,1990,350
Dominican Republic,1991,600
Dominican Republic,1992,600
Dominican Republic,1993,1100
Dominican Republic,1994,1400
Dominican Republic,1995,1800
Dominican Republic,1996,2200
Dominican Republic,1997,2600
Dominican Republic,1998,3000
Dominican Republic,1999,3400
Dominican Republic,2000,3700
Dominican Republic,2001,4000
Dominican Republic,2002,4100
Dominican Republic,2003,4300
Dominican Republic,2004,4400
Dominican Republic,2005,4300
Dominican Republic,2006,3900
Dominican Republic,2007,3400
Dominican Republic,2008,2700
Dominican Republic,2009,2200
Dominican Republic,2010,2000
Algeria,1990,60
Algeria,1991,60
Algeria,1992,60
Algeria,1993,60
Algeria,1994,60
Algeria,1995,60
Algeria,1996,60
Algeria,1997,60
Algeria,1998,120
Algeria,1999,120
Algeria,2000,120
Algeria,2001,300
Algeria,2002,300
Algeria,2003,300
Algeria,2004,300
Algeria,2005,600
Algeria,2006,600
Algeria,2007,600
Algeria,2008,600
Algeria,2009,600
Algeria,2010,
Ecuador,1990,600
Ecuador,1991,600
Ecuador,1992,600
Ecuador,1993,1000
Ecuador,1994,1200
Ecuador,1995,1300
Ecuador,1996,1400
Ecuador,1997,1500
Ecuador,1998,1700
Ecuador,1999,1800
Ecuador,2000,2000
Ecuador,2001,2200
Ecuador,2002,2300
Ecuador,2003,2500
Ecuador,2004,2600
Ecuador,2005,2600
Ecuador,2006,2600
Ecuador,2007,2600
Ecuador,2008,2500
Ecuador,2009,2300
Ecuador,2010,2100
Egypt,1990,60
Egypt,1991,60
Egypt,1992,60
Egypt,1993,60
Egypt,1994,60
Egypt,1995,60
Egypt,1996,60
Egypt,1997,60
Egypt,1998,60
Egypt,1999,60
Egypt,2000,120
Egypt,2001,120
Egypt,2002,120
Egypt,2003,300
Egypt,2004,300
Egypt,2005,300
Egypt,2006,300
Egypt,2007,300
Egypt,2008,300
Egypt,2009,300
Egypt,2010,
Eritrea,1990,120
Eritrea,1991,120
Eritrea,1992,300
Eritrea,1993,300
Eritrea,1994,600
Eritrea,1995,600
Eritrea,1996,600
Eritrea,1997,1000
Eritrea,1998,1200
Eritrea,1999,1400
Eritrea,2000,1600
Eritrea,2001,1800
Eritrea,2002,2000
Eritrea,2003,2100
Eritrea,2004,2200
Eritrea,2005,2200
Eritrea,2006,2000
Eritrea,2007,1800
Eritrea,2008,1700
Eritrea,2009,1700
Eritrea,2010,
Spain,1990,3000
Spain,1991,3500
Spain,1992,4000
Spain,1993,4600
Spain,1994,5200
Spain,1995,5900
Spain,1996,5900
Spain,1997,3700
Spain,1998,1800
Spain,1999,2000
Spain,2000,2000
Spain,2001,1800
Spain,2002,1700
Spain,2003,1700
Spain,2004,1700
Spain,2005,1700
Spain,2006,1700
Spain,2007,1600
Spain,2008,1600
Spain,2009,1600
Spain,2010,
Estonia,1990,60
Estonia,1991,60
Estonia,1992,60
Estonia,1993,60
Estonia,1994,60
Estonia,1995,60
Estonia,1996,60
Estonia,1997,60
Estonia,1998,60
Estonia,1999,60
Estonia,2000,60
Estonia,2001,120
Estonia,2002,120
Estonia,2003,300
Estonia,2004,300
Estonia,2005,300
Estonia,2006,300
Estonia,2007,300
Estonia,2008,300
Estonia,2009,300
Estonia,2010,
Finland,1990,60
Finland,1991,60
Finland,1992,60
Finland,1993,60
Finland,1994,60
Finland,1995,60
Finland,1996,60
Finland,1997,60
Finland,1998,60
Finland,1999,60
Finland,2000,60
Finland,2001,60
Finland,2002,60
Finland,2003,60
Finland,2004,60
Finland,2005,60
Finland,2006,60
Finland,2007,60
Finland,2008,60
Finland,2009,60
Finland,2010,
Fiji,1990,60
Fiji,1991,60
Fiji,1992,60
Fiji,1993,60
Fiji,1994,60
Fiji,1995,60
Fiji,1996,60
Fiji,1997,60
Fiji,1998,60
Fiji,1999,60
Fiji,2000,60
Fiji,2001,60
Fiji,2002,60
Fiji,2003,60
Fiji,2004,60
Fiji,2005,60
Fiji,2006,60
Fiji,2007,60
Fiji,2008,60
Fiji,2009,60
Fiji,2010,60
France,1990,8100
France,1991,8200
France,1992,8100
France,1993,7900
France,1994,7700
France,1995,7500
France,1996,5600
France,1997,2700
France,1998,1700
France,1999,1700
France,2000,1800
France,2001,1800
France,2002,1800
France,2003,1800
France,2004,1800
France,2005,1500
France,2006,1200
France,2007,1200
France,2008,1200
France,2009,1300
France,2010,1300
Gabon,1990,120
Gabon,1991,120
Gabon,1992,300
Gabon,1993,300
Gabon,1994,300
Gabon,1995,600
Gabon,1996,600
Gabon,1997,1000
Gabon,1998,1300
Gabon,1999,1500
Gabon,2000,1800
Gabon,2001,2000
Gabon,2002,2300
Gabon,2003,2500
Gabon,2004,2500
Gabon,2005,2300
Gabon,2006,2300
Gabon,2007,2500
Gabon,2008,2500
Gabon,2009,2400
Gabon,2010,
United Kingdom,1990,600
United Kingdom,1991,1100
United Kingdom,1992,1200
United Kingdom,1993,1400
United Kingdom,1994,1500
United Kingdom,1995,1600
United Kingdom,1996,1300
United Kingdom,1997,600
United Kingdom,1998,350
United Kingdom,1999,350
United Kingdom,2000,350
United Kingdom,2001,350
United Kingdom,2002,350
United Kingdom,2003,350
United Kingdom,2004,350
United Kingdom,2005,350
United Kingdom,2006,350
United Kingdom,2007,350
United Kingdom,2008,350
United Kingdom,2009,350
United Kingdom,2010,350
Georgia,1990,60
Georgia,1991,60
Georgia,1992,60
Georgia,1993,60
Georgia,1994,60
Georgia,1995,60
Georgia,1996,60
Georgia,1997,60
Georgia,1998,60
Georgia,1999,60
Georgia,2000,60
Georgia,2001,60
Georgia,2002,60
Georgia,2003,60
Georgia,2004,60
Georgia,2005,60
Georgia,2006,60
Georgia,2007,60
Georgia,2008,60
Georgia,2009,60
Georgia,2010,150
Ghana,1990,600
Ghana,1991,600
Ghana,1992,1400
Ghana,1993,2000
Ghana,1994,3000
Ghana,1995,4400
Ghana,1996,6200
Ghana,1997,8200
Ghana,1998,10k
Ghana,1999,12k
Ghana,2000,15k
Ghana,2001,16k
Ghana,2002,18k
Ghana,2003,19k
Ghana,2004,20k
Ghana,2005,20k
Ghana,2006,20k
Ghana,2007,20k
Ghana,2008,19k
Ghana,2009,18k
Ghana,2010,
Guinea,1990,1100
Guinea,1991,1600
Guinea,1992,2100
Guinea,1993,2700
Guinea,1994,3300
Guinea,1995,3900
Guinea,1996,4500
Guinea,1997,5000
Guinea,1998,5400
Guinea,1999,5800
Guinea,2000,6100
Guinea,2001,6300
Guinea,2002,6500
Guinea,2003,6600
Guinea,2004,6700
Guinea,2005,6400
Guinea,2006,5900
Guinea,2007,5200
Guinea,2008,5000
Guinea,2009,4700
Guinea,2010,
Gambia,1990,60
Gambia,1991,60
Gambia,1992,60
Gambia,1993,60
Gambia,1994,60
Gambia,1995,60
Gambia,1996,60
Gambia,1997,60
Gambia,1998,120
Gambia,1999,120
Gambia,2000,120
Gambia,2001,300
Gambia,2002,300
Gambia,2003,300
Gambia,2004,300
Gambia,2005,300
Gambia,2006,300
Gambia,2007,600
Gambia,2008,600
Gambia,2009,600
Gambia,2010,
Guinea-Bissau,1990,60
Guinea-Bissau,1991,60
Guinea-Bissau,1992,60
Guinea-Bissau,1993,120
Guinea-Bissau,1994,120
Guinea-Bissau,1995,300
Guinea-Bissau,1996,300
Guinea-Bissau,1997,300
Guinea-Bissau,1998,300
Guinea-Bissau,1999,600
Guinea-Bissau,2000,600
Guinea-Bissau,2001,600
Guinea-Bissau,2002,600
Guinea-Bissau,2003,600
Guinea-Bissau,2004,1100
Guinea-Bissau,2005,1200
Guinea-Bissau,2006,1300
Guinea-Bissau,2007,1300
Guinea-Bissau,2008,1200
Guinea-Bissau,2009,1200
Guinea-Bissau,2010,
Equatorial Guinea,1990,60
Equatorial Guinea,1991,60
Equatorial Guinea,1992,60
Equatorial Guinea,1993,60
Equatorial Guinea,1994,60
Equatorial Guinea,1995,60
Equatorial Guinea,1996,60
Equatorial Guinea,1997,60
Equatorial Guinea,1998,60
Equatorial Guinea,1999,120
Equatorial Guinea,2000,120
Equatorial Guinea,2001,300
Equatorial Guinea,2002,300
Equatorial Guinea,2003,300
Equatorial Guinea,2004,300
Equatorial Guinea,2005,600
Equatorial Guinea,2006,600
Equatorial Guinea,2007,600
Equatorial Guinea,2008,600
Equatorial Guinea,2009,600
Equatorial Guinea,2010,
Greece,1990,150
Greece,1991,350
Greece,1992,350
Greece,1993,350
Greece,1994,350
Greece,1995,350
Greece,1996,350
Greece,1997,150
Greece,1998,150
Greece,1999,150
Greece,2000,150
Greece,2001,150
Greece,2002,350
Greece,2003,350
Greece,2004,350
Greece,2005,350
Greece,2006,350
Greece,2007,350
Greece,2008,350
Greece,2009,350
Greece,2010,150
Guatemala,1990,350
Guatemala,1991,350
Guatemala,1992,350
Guatemala,1993,350
Guatemala,1994,600
Guatemala,1995,600
Guatemala,1996,600
Guatemala,1997,600
Guatemala,1998,1100
Guatemala,1999,1300
Guatemala,2000,1500
Guatemala,2001,1700
Guatemala,2002,1900
Guatemala,2003,2000
Guatemala,2004,1600
Guatemala,2005,1800
Guatemala,2006,2100
Guatemala,2007,2000
Guatemala,2008,1800
Guatemala,2009,1700
Guatemala,2010,2100
Guyana,1990,150
Guyana,1991,150
Guyana,1992,150
Guyana,1993,150
Guyana,1994,350
Guyana,1995,350
Guyana,1996,350
Guyana,1997,350
Guyana,1998,350
Guyana,1999,600
Guyana,2000,600
Guyana,2001,600
Guyana,2002,600
Guyana,2003,600
Guyana,2004,600
Guyana,2005,600
Guyana,2006,350
Guyana,2007,350
Guyana,2008,350
Guyana,2009,350
Guyana,2010,350
Honduras,1990,600
Honduras,1991,1100
Honduras,1992,1700
Honduras,1993,2500
Honduras,1994,3400
Honduras,1995,4300
Honduras,1996,5100
Honduras,1997,5900
Honduras,1998,6400
Honduras,1999,6800
Honduras,2000,7000
Honduras,2001,7000
Honduras,2002,6800
Honduras,2003,6500
Honduras,2004,5800
Honduras,2005,5100
Honduras,2006,4600
Honduras,2007,4200
Honduras,2008,3700
Honduras,2009,3400
Honduras,2010,3000
Croatia,1990,60
Croatia,1991,60
Croatia,1992,60
Croatia,1993,60
Croatia,1994,60
Croatia,1995,60
Croatia,1996,60
Croatia,1997,60
Croatia,1998,60
Croatia,1999,60
Croatia,2000,60
Croatia,2001,60
Croatia,2002,60
Croatia,2003,60
Croatia,2004,60
Croatia,2005,60
Croatia,2006,60
Croatia,2007,60
Croatia,2008,60
Croatia,2009,60
Croatia,2010,60
Haiti,1990,3900
Haiti,1991,5000
Haiti,1992,6100
Haiti,1993,7300
Haiti,1994,8300
Haiti,1995,9300
Haiti,1996,10k
Haiti,1997,11k
Haiti,1998,11k
Haiti,1999,11k
Haiti,2000,12k
Haiti,2001,12k
Haiti,2002,12k
Haiti,2003,11k
Haiti,2004,11k
Haiti,2005,11k
Haiti,2006,10k
Haiti,2007,8700
Haiti,2008,7600
Haiti,2009,6600
Haiti,2010,5900
Hungary,1990,350
Hungary,1991,350
Hungary,1992,350
Hungary,1993,350
Hungary,1994,350
Hungary,1995,350
Hungary,1996,350
Hungary,1997,350
Hungary,1998,350
Hungary,1999,350
Hungary,2000,350
Hungary,2001,350
Hungary,2002,350
Hungary,2003,350
Hungary,2004,150
Hungary,2005,150
Hungary,2006,150
Hungary,2007,150
Hungary,2008,150
Hungary,2009,150
Hungary,2010,150
Indonesia,1990,60
Indonesia,1991,60
Indonesia,1992,60
Indonesia,1993,60
Indonesia,1994,60
Indonesia,1995,60
Indonesia,1996,60
Indonesia,1997,60
Indonesia,1998,60
Indonesia,1999,60
Indonesia,2000,60
Indonesia,2001,150
Indonesia,2002,350
Indonesia,2003,600
Indonesia,2004,1200
Indonesia,2005,2200
Indonesia,2006,3300
Indonesia,2007,4900
Indonesia,2008,7100
Indonesia,2009,9400
Indonesia,2010,12k
India,1990,5300
India,1991,8000
India,1992,12k
India,1993,18k
India,1994,26k
India,1995,37k
India,1996,51k
India,1997,67k
India,1998,85k
India,1999,100k
India,2000,120k
India,2001,140k
India,2002,160k
India,2003,180k
India,2004,190k
India,2005,200k
India,2006,200k
India,2007,190k
India,2008,190k
India,2009,170k
India,2010,
Ireland,1990,60
Ireland,1991,60
Ireland,1992,60
Ireland,1993,60
Ireland,1994,60
Ireland,1995,60
Ireland,1996,60
Ireland,1997,60
Ireland,1998,60
Ireland,1999,60
Ireland,2000,60
Ireland,2001,60
Ireland,2002,60
Ireland,2003,60
Ireland,2004,60
Ireland,2005,60
Ireland,2006,60
Ireland,2007,60
Ireland,2008,60
Ireland,2009,60
Ireland,2010,60
Iran,1990,150
Iran,1991,150
Iran,1992,350
Iran,1993,350
Iran,1994,350
Iran,1995,350
Iran,1996,600
Iran,1997,600
Iran,1998,1300
Iran,1999,1900
Iran,2000,2500
Iran,2001,3200
Iran,2002,3900
Iran,2003,4600
Iran,2004,5200
Iran,2005,5800
Iran,2006,6400
Iran,2007,6900
Iran,2008,7300
Iran,2009,7700
Iran,2010,8000
Iceland,1990,60
Iceland,1991,60
Iceland,1992,60
Iceland,1993,60
Iceland,1994,60
Iceland,1995,60
Iceland,1996,60
Iceland,1997,60
Iceland,1998,60
Iceland,1999,60
Iceland,2000,60
Iceland,2001,60
Iceland,2002,60
Iceland,2003,60
Iceland,2004,60
Iceland,2005,60
Iceland,2006,60
Iceland,2007,60
Iceland,2008,60
Iceland,2009,60
Iceland,2010,60
Israel,1990,60
Israel,1991,60
Israel,1992,60
Israel,1993,60
Israel,1994,60
Israel,1995,60
Israel,1996,60
Israel,1997,60
Israel,1998,60
Israel,1999,60
Israel,2000,60
Israel,2001,60
Israel,2002,60
Israel,2003,60
Israel,2004,60
Israel,2005,60
Israel,2006,60
Israel,2007,60
Israel,2008,60
Israel,2009,60
Israel,2010,60
Italy,1990,1600
Italy,1991,2500
Italy,1992,3600
Italy,1993,4600
Italy,1994,5600
Italy,1995,6500
Italy,1996,4200
Italy,1997,2300
Italy,1998,1500
Italy,1999,600
Italy,2000,600
Italy,2001,600
Italy,2002,600
Italy,2003,600
Italy,2004,600
Italy,2005,600
Italy,2006,600
Italy,2007,600
Italy,2008,600
Italy,2009,600
Italy,2010,600
Jamaica,1990,350
Jamaica,1991,350
Jamaica,1992,600
Jamaica,1993,600
Jamaica,1994,1100
Jamaica,1995,1400
Jamaica,1996,1800
Jamaica,1997,2100
Jamaica,1998,2400
Jamaica,1999,2700
Jamaica,2000,2900
Jamaica,2001,3100
Jamaica,2002,3200
Jamaica,2003,3300
Jamaica,2004,3300
Jamaica,2005,3200
Jamaica,2006,2800
Jamaica,2007,2600
Jamaica,2008,2400
Jamaica,2009,2100
Jamaica,2010,1800
Japan,1990,350
Japan,1991,350
Japan,1992,350
Japan,1993,350
Japan,1994,350
Japan,1995,600
Japan,1996,350
Japan,1997,350
Japan,1998,350
Japan,1999,150
Japan,2000,150
Japan,2001,150
Japan,2002,150
Japan,2003,150
Japan,2004,150
Japan,2005,150
Japan,2006,150
Japan,2007,150
Japan,2008,150
Japan,2009,150
Japan,2010,150
Kazakhstan,1990,60
Kazakhstan,1991,60
Kazakhstan,1992,60
Kazakhstan,1993,60
Kazakhstan,1994,60
Kazakhstan,1995,60
Kazakhstan,1996,60
Kazakhstan,1997,60
Kazakhstan,1998,150
Kazakhstan,1999,350
Kazakhstan,2000,350
Kazakhstan,2001,350
Kazakhstan,2002,600
Kazakhstan,2003,600
Kazakhstan,2004,600
Kazakhstan,2005,600
Kazakhstan,2006,600
Kazakhstan,2007,1000
Kazakhstan,2008,1100
Kazakhstan,2009,1100
Kazakhstan,2010,1200
Kenya,1990,10k
Kenya,1991,16k
Kenya,1992,24k
Kenya,1993,34k
Kenya,1994,46k
Kenya,1995,60k
Kenya,1996,74k
Kenya,1997,87k
Kenya,1998,100k
Kenya,1999,110k
Kenya,2000,120k
Kenya,2001,120k
Kenya,2002,130k
Kenya,2003,130k
Kenya,2004,130k
Kenya,2005,120k
Kenya,2006,110k
Kenya,2007,99k
Kenya,2008,91k
Kenya,2009,80k
Kenya,2010,
Kyrgyz Republic,1990,60
Kyrgyz Republic,1991,60
Kyrgyz Republic,1992,60
Kyrgyz Republic,1993,60
Kyrgyz Republic,1994,60
Kyrgyz Republic,1995,60
Kyrgyz Republic,1996,60
Kyrgyz Republic,1997,60
Kyrgyz Republic,1998,60
Kyrgyz Republic,1999,60
Kyrgyz Republic,2000,60
Kyrgyz Republic,2001,60
Kyrgyz Republic,2002,60
Kyrgyz Republic,2003,60
Kyrgyz Republic,2004,60
Kyrgyz Republic,2005,60
Kyrgyz Republic,2006,60
Kyrgyz Republic,2007,150
Kyrgyz Republic,2008,150
Kyrgyz Republic,2009,350
Kyrgyz Republic,2010,350
Cambodia,1990,350
Cambodia,1991,600
Cambodia,1992,1100
Cambodia,1993,1700
Cambodia,1994,2400
Cambodia,1995,3200
Cambodia,1996,4100
Cambodia,1997,4900
Cambodia,1998,5700
Cambodia,1999,6400
Cambodia,2000,6900
Cambodia,2001,7300
Cambodia,2002,7600
Cambodia,2003,7600
Cambodia,2004,7200
Cambodia,2005,6200
Cambodia,2006,4800
Cambodia,2007,3000
Cambodia,2008,2300
Cambodia,2009,1800
Cambodia,2010,1500
South Korea,1990,150
South Korea,1991,150
South Korea,1992,150
South Korea,1993,350
South Korea,1994,350
South Korea,1995,350
South Korea,1996,350
South Korea,1997,350
South Korea,1998,150
South Korea,1999,60
South Korea,2000,60
South Korea,2001,60
South Korea,2002,60
South Korea,2003,150
South Korea,2004,150
South Korea,2005,150
South Korea,2006,150
South Korea,2007,150
South Korea,2008,350
South Korea,2009,350
South Korea,2010,350
Lao,1990,60
Lao,1991,60
Lao,1992,60
Lao,1993,60
Lao,1994,60
Lao,1995,60
Lao,1996,60
Lao,1997,60
Lao,1998,60
Lao,1999,60
Lao,2000,60
Lao,2001,150
Lao,2002,150
Lao,2003,350
Lao,2004,350
Lao,2005,350
Lao,2006,350
Lao,2007,350
Lao,2008,350
Lao,2009,350
Lao,2010,350
Lebanon,1990,60
Lebanon,1991,60
Lebanon,1992,60
Lebanon,1993,60
Lebanon,1994,60
Lebanon,1995,60
Lebanon,1996,60
Lebanon,1997,60
Lebanon,1998,60
Lebanon,1999,60
Lebanon,2000,60
Lebanon,2001,60
Lebanon,2002,60
Lebanon,2003,60
Lebanon,2004,60
Lebanon,2005,150
Lebanon,2006,150
Lebanon,2007,150
Lebanon,2008,150
Lebanon,2009,150
Lebanon,2010,150
Liberia,1990,60
Liberia,1991,60
Liberia,1992,120
Liberia,1993,300
Liberia,1994,600
Liberia,1995,600
Liberia,1996,1400
Liberia,1997,1900
Liberia,1998,2500
Liberia,1999,3100
Liberia,2000,3500
Liberia,2001,3900
Liberia,2002,4100
Liberia,2003,4200
Liberia,2004,4300
Liberia,2005,4300
Liberia,2006,4200
Liberia,2007,4000
Liberia,2008,3900
Liberia,2009,3600
Liberia,2010,
Sri Lanka,1990,60
Sri Lanka,1991,60
Sri Lanka,1992,60
Sri Lanka,1993,60
Sri Lanka,1994,60
Sri Lanka,1995,60
Sri Lanka,1996,60
Sri Lanka,1997,60
Sri Lanka,1998,60
Sri Lanka,1999,60
Sri Lanka,2000,60
Sri Lanka,2001,150
Sri Lanka,2002,150
Sri Lanka,2003,150
Sri Lanka,2004,150
Sri Lanka,2005,150
Sri Lanka,2006,150
Sri Lanka,2007,350
Sri Lanka,2008,350
Sri Lanka,2009,350
Sri Lanka,2010,350
Lesotho,1990,60
Lesotho,1991,120
Lesotho,1992,300
Lesotho,1993,600
Lesotho,1994,1400
Lesotho,1995,2500
Lesotho,1996,4000
Lesotho,1997,5900
Lesotho,1998,8100
Lesotho,1999,10k
Lesotho,2000,12k
Lesotho,2001,14k
Lesotho,2002,16k
Lesotho,2003,18k
Lesotho,2004,19k
Lesotho,2005,19k
Lesotho,2006,18k
Lesotho,2007,16k
Lesotho,2008,14k
Lesotho,2009,14k
Lesotho,2010,
Lithuania,1990,60
Lithuania,1991,60
Lithuania,1992,60
Lithuania,1993,60
Lithuania,1994,60
Lithuania,1995,60
Lithuania,1996,60
Lithuania,1997,60
Lithuania,1998,60
Lithuania,1999,60
Lithuania,2000,60
Lithuania,2001,60
Lithuania,2002,60
Lithuania,2003,60
Lithuania,2004,60
Lithuania,2005,60
Lithuania,2006,60
Lithuania,2007,60
Lithuania,2008,60
Lithuania,2009,60
Lithuania,2010,60
Luxembourg,1990,60
Luxembourg,1991,60
Luxembourg,1992,60
Luxembourg,1993,60
Luxembourg,1994,60
Luxembourg,1995,60
Luxembourg,1996,60
Luxembourg,1997,60
Luxembourg,1998,60
Luxembourg,1999,60
Luxembourg,2000,60
Luxembourg,2001,60
Luxembourg,2002,60
Luxembourg,2003,60
Luxembourg,2004,60
Luxembourg,2005,60
Luxembourg,2006,60
Luxembourg,2007,60
Luxembourg,2008,60
Luxembourg,2009,60
Luxembourg,2010,60
Latvia,1990,60
Latvia,1991,60
Latvia,1992,60
Latvia,1993,60
Latvia,1994,60
Latvia,1995,60
Latvia,1996,60
Latvia,1997,60
Latvia,1998,60
Latvia,1999,60
Latvia,2000,150
Latvia,2001,150
Latvia,2002,150
Latvia,2003,350
Latvia,2004,350
Latvia,2005,350
Latvia,2006,350
Latvia,2007,350
Latvia,2008,350
Latvia,2009,350
Latvia,2010,600
Morocco,1990,120
Morocco,1991,120
Morocco,1992,300
Morocco,1993,300
Morocco,1994,300
Morocco,1995,300
Morocco,1996,300
Morocco,1997,300
Morocco,1998,600
Morocco,1999,600
Morocco,2000,600
Morocco,2001,600
Morocco,2002,600
Morocco,2003,600
Morocco,2004,600
Morocco,2005,600
Morocco,2006,1000
Morocco,2007,1100
Morocco,2008,1200
Morocco,2009,1200
Morocco,2010,
Moldova,1990,60
Moldova,1991,60
Moldova,1992,60
Moldova,1993,60
Moldova,1994,60
Moldova,1995,60
Moldova,1996,150
Moldova,1997,150
Moldova,1998,350
Moldova,1999,350
Moldova,2000,600
Moldova,2001,600
Moldova,2002,600
Moldova,2003,600
Moldova,2004,1000
Moldova,2005,1100
Moldova,2006,1100
Moldova,2007,1100
Moldova,2008,1100
Moldova,2009,1100
Moldova,2010,1000
Madagascar,1990,600
Madagascar,1991,1000
Madagascar,1992,1000
Madagascar,1993,1000
Madagascar,1994,1000
Madagascar,1995,1100
Madagascar,1996,1100
Madagascar,1997,1100
Madagascar,1998,1200
Madagascar,1999,1200
Madagascar,2000,1300
Madagascar,2001,1300
Madagascar,2002,1400
Madagascar,2003,1400
Madagascar,2004,1500
Madagascar,2005,1500
Madagascar,2006,1600
Madagascar,2007,1600
Madagascar,2008,1700
Madagascar,2009,1700
Madagascar,2010,
Maldives,1990,60
Maldives,1991,60
Maldives,1992,60
Maldives,1993,60
Maldives,1994,60
Maldives,1995,60
Maldives,1996,60
Maldives,1997,60
Maldives,1998,60
Maldives,1999,60
Maldives,2000,60
Maldives,2001,60
Maldives,2002,60
Maldives,2003,60
Maldives,2004,60
Maldives,2005,60
Maldives,2006,60
Maldives,2007,60
Maldives,2008,60
Maldives,2009,60
Maldives,2010,60
Mexico,1990,4800
Mexico,1991,5300
Mexico,1992,5800
Mexico,1993,6300
Mexico,1994,6700
Mexico,1995,7200
Mexico,1996,7600
Mexico,1997,7900
Mexico,1998,7500
Mexico,1999,7700
Mexico,2000,7900
Mexico,2001,7800
Mexico,2002,7600
Mexico,2003,7200
Mexico,2004,6700
Mexico,2005,6700
Mexico,2006,6600
Mexico,2007,6100
Mexico,2008,5600
Mexico,2009,5200
Mexico,2010,5000
Mali,1990,300
Mali,1991,600
Mali,1992,600
Mali,1993,1500
Mali,1994,2300
Mali,1995,3200
Mali,1996,4100
Mali,1997,4900
Mali,1998,5700
Mali,1999,6300
Mali,2000,6900
Mali,2001,7200
Mali,2002,7400
Mali,2003,7400
Mali,2004,7100
Mali,2005,6100
Mali,2006,5200
Mali,2007,4700
Mali,2008,4700
Mali,2009,4400
Mali,2010,
Malta,1990,60
Malta,1991,60
Malta,1992,60
Malta,1993,60
Malta,1994,60
Malta,1995,60
Malta,1996,60
Malta,1997,60
Malta,1998,60
Malta,1999,60
Malta,2000,60
Malta,2001,60
Malta,2002,60
Malta,2003,60
Malta,2004,60
Malta,2005,60
Malta,2006,60
Malta,2007,60
Malta,2008,60
Malta,2009,60
Malta,2010,60
Myanmar,1990,350
Myanmar,1991,350
Myanmar,1992,600
Myanmar,1993,1400
Myanmar,1994,2100
Myanmar,1995,3000
Myanmar,1996,3900
Myanmar,1997,4900
Myanmar,1998,6100
Myanmar,1999,7300
Myanmar,2000,8600
Myanmar,2001,10k
Myanmar,2002,12k
Myanmar,2003,13k
Myanmar,2004,15k
Myanmar,2005,16k
Myanmar,2006,17k
Myanmar,2007,17k
Myanmar,2008,17k
Myanmar,2009,17k
Myanmar,2010,17k
Mongolia,1990,60
Mongolia,1991,60
Mongolia,1992,60
Mongolia,1993,60
Mongolia,1994,60
Mongolia,1995,60
Mongolia,1996,60
Mongolia,1997,60
Mongolia,1998,60
Mongolia,1999,60
Mongolia,2000,60
Mongolia,2001,60
Mongolia,2002,60
Mongolia,2003,60
Mongolia,2004,60
Mongolia,2005,60
Mongolia,2006,60
Mongolia,2007,60
Mongolia,2008,60
Mongolia,2009,60
Mongolia,2010,60
Mozambique,1990,2200
Mozambique,1991,3200
Mozambique,1992,4500
Mozambique,1993,6300
Mozambique,1994,8600
Mozambique,1995,11k
Mozambique,1996,15k
Mozambique,1997,19k
Mozambique,1998,24k
Mozambique,1999,30k
Mozambique,2000,36k
Mozambique,2001,43k
Mozambique,2002,50k
Mozambique,2003,58k
Mozambique,2004,65k
Mozambique,2005,71k
Mozambique,2006,74k
Mozambique,2007,74k
Mozambique,2008,73k
Mozambique,2009,74k
Mozambique,2010,
Mauritania,1990,350
Mauritania,1991,350
Mauritania,1992,350
Mauritania,1993,350
Mauritania,1994,350
Mauritania,1995,350
Mauritania,1996,350
Mauritania,1997,600
Mauritania,1998,600
Mauritania,1999,600
Mauritania,2000,600
Mauritania,2001,600
Mauritania,2002,600
Mauritania,2003,600
Mauritania,2004,600
Mauritania,2005,1000
Mauritania,2006,1100
Mauritania,2007,1100
Mauritania,2008,1100
Mauritania,2009,1200
Mauritania,2010,1300
Mauritius,1990,60
Mauritius,1991,60
Mauritius,1992,60
Mauritius,1993,60
Mauritius,1994,60
Mauritius,1995,60
Mauritius,1996,60
Mauritius,1997,60
Mauritius,1998,150
Mauritius,1999,150
Mauritius,2000,350
Mauritius,2001,350
Mauritius,2002,350
Mauritius,2003,350
Mauritius,2004,350
Mauritius,2005,600
Mauritius,2006,600
Mauritius,2007,600
Mauritius,2008,600
Mauritius,2009,600
Mauritius,2010,600
Malawi,1990,14k
Malawi,1991,18k
Malawi,1992,22k
Malawi,1993,27k
Malawi,1994,31k
Malawi,1995,36k
Malawi,1996,41k
Malawi,1997,45k
Malawi,1998,50k
Malawi,1999,55k
Malawi,2000,59k
Malawi,2001,63k
Malawi,2002,67k
Malawi,2003,71k
Malawi,2004,74k
Malawi,2005,77k
Malawi,2006,75k
Malawi,2007,68k
Malawi,2008,62k
Malawi,2009,55k
Malawi,2010,49k
Malaysia,1990,60
Malaysia,1991,120
Malaysia,1992,300
Malaysia,1993,300
Malaysia,1994,600
Malaysia,1995,1100
Malaysia,1996,1500
Malaysia,1997,2000
Malaysia,1998,2500
Malaysia,1999,3000
Malaysia,2000,3500
Malaysia,2001,3900
Malaysia,2002,4400
Malaysia,2003,4500
Malaysia,2004,4600
Malaysia,2005,4900
Malaysia,2006,5200
Malaysia,2007,5400
Malaysia,2008,5600
Malaysia,2009,5800
Malaysia,2010,
Namibia,1990,350
Namibia,1991,600
Namibia,1992,600
Namibia,1993,1000
Namibia,1994,1400
Namibia,1995,1900
Namibia,1996,2600
Namibia,1997,3500
Namibia,1998,4600
Namibia,1999,5800
Namibia,2000,7200
Namibia,2001,8600
Namibia,2002,10k
Namibia,2003,11k
Namibia,2004,12k
Namibia,2005,13k
Namibia,2006,12k
Namibia,2007,10k
Namibia,2008,8200
Namibia,2009,6600
Namibia,2010,5700
Niger,1990,600
Niger,1991,600
Niger,1992,1000
Niger,1993,1200
Niger,1994,1400
Niger,1995,1600
Niger,1996,1800
Niger,1997,2100
Niger,1998,2300
Niger,1999,2600
Niger,2000,2900
Niger,2001,3200
Niger,2002,3400
Niger,2003,3700
Niger,2004,4000
Niger,2005,4200
Niger,2006,4300
Niger,2007,4300
Niger,2008,4400
Niger,2009,4500
Niger,2010,4000
Nigeria,1990,4400
Nigeria,1991,7600
Nigeria,1992,12k
Nigeria,1993,19k
Nigeria,1994,28k
Nigeria,1995,40k
Nigeria,1996,54k
Nigeria,1997,71k
Nigeria,1998,91k
Nigeria,1999,110k
Nigeria,2000,130k
Nigeria,2001,150k
Nigeria,2002,170k
Nigeria,2003,190k
Nigeria,2004,210k
Nigeria,2005,210k
Nigeria,2006,220k
Nigeria,2007,220k
Nigeria,2008,220k
Nigeria,2009,210k
Nigeria,2010,210k
Nicaragua,1990,60
Nicaragua,1991,60
Nicaragua,1992,60
Nicaragua,1993,60
Nicaragua,1994,60
Nicaragua,1995,60
Nicaragua,1996,60
Nicaragua,1997,60
Nicaragua,1998,60
Nicaragua,1999,150
Nicaragua,2000,150
Nicaragua,2001,150
Nicaragua,2002,150
Nicaragua,2003,150
Nicaragua,2004,150
Nicaragua,2005,350
Nicaragua,2006,350
Nicaragua,2007,150
Nicaragua,2008,150
Nicaragua,2009,350
Nicaragua,2010,350
Netherlands,1990,150
Netherlands,1991,150
Netherlands,1992,350
Netherlands,1993,350
Netherlands,1994,350
Netherlands,1995,350
Netherlands,1996,600
Netherlands,1997,350
Netherlands,1998,350
Netherlands,1999,350
Netherlands,2000,350
Netherlands,2001,150
Netherlands,2002,150
Netherlands,2003,150
Netherlands,2004,150
Netherlands,2005,150
Netherlands,2006,150
Netherlands,2007,150
Netherlands,2008,150
Netherlands,2009,150
Netherlands,2010,150
Norway,1990,60
Norway,1991,60
Norway,1992,60
Norway,1993,60
Norway,1994,60
Norway,1995,60
Norway,1996,60
Norway,1997,60
Norway,1998,60
Norway,1999,60
Norway,2000,60
Norway,2001,60
Norway,2002,60
Norway,2003,60
Norway,2004,60
Norway,2005,60
Norway,2006,60
Norway,2007,60
Norway,2008,60
Norway,2009,60
Norway,2010,60
Nepal,1990,600
Nepal,1991,600
Nepal,1992,1100
Nepal,1993,1400
Nepal,1994,1700
Nepal,1995,2000
Nepal,1996,2300
Nepal,1997,2700
Nepal,1998,3000
Nepal,1999,3300
Nepal,2000,3700
Nepal,2001,4000
Nepal,2002,4300
Nepal,2003,4500
Nepal,2004,4800
Nepal,2005,4900
Nepal,2006,4900
Nepal,2007,4900
Nepal,2008,4800
Nepal,2009,4700
Nepal,2010,
New Zealand,1990,60
New Zealand,1991,60
New Zealand,1992,60
New Zealand,1993,60
New Zealand,1994,60
New Zealand,1995,60
New Zealand,1996,60
New Zealand,1997,60
New Zealand,1998,60
New Zealand,1999,60
New Zealand,2000,60
New Zealand,2001,60
New Zealand,2002,60
New Zealand,2003,60
New Zealand,2004,60
New Zealand,2005,60
New Zealand,2006,60
New Zealand,2007,60
New Zealand,2008,60
New Zealand,2009,60
New Zealand,2010,60
Oman,1990,60
Oman,1991,60
Oman,1992,60
Oman,1993,60
Oman,1994,60
Oman,1995,60
Oman,1996,60
Oman,1997,60
Oman,1998,60
Oman,1999,60
Oman,2000,60
Oman,2001,60
Oman,2002,60
Oman,2003,60
Oman,2004,60
Oman,2005,60
Oman,2006,60
Oman,2007,60
Oman,2008,60
Oman,2009,60
Oman,2010,
Pakistan,1990,60
Pakistan,1991,60
Pakistan,1992,120
Pakistan,1993,120
Pakistan,1994,300
Pakistan,1995,300
Pakistan,1996,300
Pakistan,1997,300
Pakistan,1998,600
Pakistan,1999,600
Pakistan,2000,1100
Pakistan,2001,1400
Pakistan,2002,1700
Pakistan,2003,2200
Pakistan,2004,2700
Pakistan,2005,3300
Pakistan,2006,4000
Pakistan,2007,4600
Pakistan,2008,5200
Pakistan,2009,5800
Pakistan,2010,
Panama,1990,350
Panama,1991,350
Panama,1992,600
Panama,1993,600
Panama,1994,1000
Panama,1995,1200
Panama,1996,1500
Panama,1997,1700
Panama,1998,1900
Panama,1999,2100
Panama,2000,2000
Panama,2001,2100
Panama,2002,2200
Panama,2003,2200
Panama,2004,2100
Panama,2005,2000
Panama,2006,1900
Panama,2007,1800
Panama,2008,1700
Panama,2009,1500
Panama,2010,1300
Peru,1990,1100
Peru,1991,1300
Peru,1992,1700
Peru,1993,2100
Peru,1994,2600
Peru,1995,3200
Peru,1996,3900
Peru,1997,4600
Peru,1998,5300
Peru,1999,5900
Peru,2000,6400
Peru,2001,6800
Peru,2002,7000
Peru,2003,6900
Peru,2004,6700
Peru,2005,6700
Peru,2006,6300
Peru,2007,5800
Peru,2008,5100
Peru,2009,4100
Peru,2010,3500
Philippines,1990,60
Philippines,1991,60
Philippines,1992,60
Philippines,1993,60
Philippines,1994,60
Philippines,1995,60
Philippines,1996,60
Philippines,1997,60
Philippines,1998,60
Philippines,1999,60
Philippines,2000,60
Philippines,2001,60
Philippines,2002,60
Philippines,2003,60
Philippines,2004,120
Philippines,2005,120
Philippines,2006,120
Philippines,2007,120
Philippines,2008,120
Philippines,2009,120
Philippines,2010,
Papua New Guinea,1990,60
Papua New Guinea,1991,150
Papua New Guinea,1992,350
Papua New Guinea,1993,350
Papua New Guinea,1994,350
Papua New Guinea,1995,600
Papua New Guinea,1996,600
Papua New Guinea,1997,600
Papua New Guinea,1998,1000
Papua New Guinea,1999,1200
Papua New Guinea,2000,1400
Papua New Guinea,2001,1600
Papua New Guinea,2002,1700
Papua New Guinea,2003,1900
Papua New Guinea,2004,2000
Papua New Guinea,2005,2100
Papua New Guinea,2006,2100
Papua New Guinea,2007,2000
Papua New Guinea,2008,1800
Papua New Guinea,2009,1400
Papua New Guinea,2010,1200
Poland,1990,150
Poland,1991,150
Poland,1992,350
Poland,1993,350
Poland,1994,350
Poland,1995,350
Poland,1996,350
Poland,1997,350
Poland,1998,150
Poland,1999,150
Poland,2000,150
Poland,2001,150
Poland,2002,150
Poland,2003,150
Poland,2004,150
Poland,2005,150
Poland,2006,150
Poland,2007,150
Poland,2008,150
Poland,2009,150
Poland,2010,150
Portugal,1990,150
Portugal,1991,150
Portugal,1992,150
Portugal,1993,350
Portugal,1994,350
Portugal,1995,350
Portugal,1996,600
Portugal,1997,350
Portugal,1998,350
Portugal,1999,350
Portugal,2000,350
Portugal,2001,350
Portugal,2002,350
Portugal,2003,350
Portugal,2004,350
Portugal,2005,350
Portugal,2006,350
Portugal,2007,350
Portugal,2008,350
Portugal,2009,350
Portugal,2010,350
Qatar,1990,60
Qatar,1991,60
Qatar,1992,60
Qatar,1993,60
Qatar,1994,60
Qatar,1995,60
Qatar,1996,60
Qatar,1997,60
Qatar,1998,60
Qatar,1999,60
Qatar,2000,60
Qatar,2001,60
Qatar,2002,60
Qatar,2003,60
Qatar,2004,60
Qatar,2005,60
Qatar,2006,60
Qatar,2007,60
Qatar,2008,60
Qatar,2009,60
Qatar,2010,
Romania,1990,60
Romania,1991,60
Romania,1992,60
Romania,1993,150
Romania,1994,150
Romania,1995,350
Romania,1996,350
Romania,1997,350
Romania,1998,350
Romania,1999,150
Romania,2000,150
Romania,2001,150
Romania,2002,150
Romania,2003,350
Romania,2004,350
Romania,2005,350
Romania,2006,350
Romania,2007,350
Romania,2008,600
Romania,2009,600
Romania,2010,600
Rwanda,1990,14k
Rwanda,1991,14k
Rwanda,1992,15k
Rwanda,1993,15k
Rwanda,1994,16k
Rwanda,1995,16k
Rwanda,1996,17k
Rwanda,1997,18k
Rwanda,1998,20k
Rwanda,1999,21k
Rwanda,2000,21k
Rwanda,2001,21k
Rwanda,2002,21k
Rwanda,2003,21k
Rwanda,2004,21k
Rwanda,2005,20k
Rwanda,2006,16k
Rwanda,2007,12k
Rwanda,2008,9600
Rwanda,2009,8500
Rwanda,2010,7300
Sudan,1990,350
Sudan,1991,600
Sudan,1992,600
Sudan,1993,1400
Sudan,1994,1900
Sudan,1995,2500
Sudan,1996,3100
Sudan,1997,3800
Sudan,1998,4500
Sudan,1999,5100
Sudan,2000,5600
Sudan,2001,6000
Sudan,2002,6300
Sudan,2003,6400
Sudan,2004,6400
Sudan,2005,6300
Sudan,2006,6200
Sudan,2007,6000
Sudan,2008,5700
Sudan,2009,5700
Sudan,2010,5600
Senegal,1990,350
Senegal,1991,350
Senegal,1992,350
Senegal,1993,350
Senegal,1994,350
Senegal,1995,600
Senegal,1996,600
Senegal,1997,600
Senegal,1998,600
Senegal,1999,1000
Senegal,2000,1200
Senegal,2001,1400
Senegal,2002,1500
Senegal,2003,1600
Senegal,2004,1700
Senegal,2005,1800
Senegal,2006,1600
Senegal,2007,1700
Senegal,2008,1800
Senegal,2009,2000
Senegal,2010,1800
Singapore,1990,60
Singapore,1991,60
Singapore,1992,60
Singapore,1993,60
Singapore,1994,60
Singapore,1995,60
Singapore,1996,60
Singapore,1997,60
Singapore,1998,60
Singapore,1999,60
Singapore,2000,60
Singapore,2001,60
Singapore,2002,120
Singapore,2003,120
Singapore,2004,120
Singapore,2005,60
Singapore,2006,60
Singapore,2007,60
Singapore,2008,60
Singapore,2009,60
Singapore,2010,
Sierra Leone,1990,60
Sierra Leone,1991,60
Sierra Leone,1992,60
Sierra Leone,1993,60
Sierra Leone,1994,60
Sierra Leone,1995,150
Sierra Leone,1996,150
Sierra Leone,1997,350
Sierra Leone,1998,350
Sierra Leone,1999,350
Sierra Leone,2000,600
Sierra Leone,2001,600
Sierra Leone,2002,1100
Sierra Leone,2003,1400
Sierra Leone,2004,1700
Sierra Leone,2005,2000
Sierra Leone,2006,2200
Sierra Leone,2007,2500
Sierra Leone,2008,2700
Sierra Leone,2009,2800
Sierra Leone,2010,2700
El Salvador,1990,150
El Salvador,1991,150
El Salvador,1992,150
El Salvador,1993,350
El Salvador,1994,350
El Salvador,1995,350
El Salvador,1996,350
El Salvador,1997,350
El Salvador,1998,600
El Salvador,1999,600
El Salvador,2000,600
El Salvador,2001,600
El Salvador,2002,600
El Salvador,2003,600
El Salvador,2004,600
El Salvador,2005,600
El Salvador,2006,350
El Salvador,2007,350
El Salvador,2008,350
El Salvador,2009,350
El Salvador,2010,350
Somalia,1990,600
Somalia,1991,600
Somalia,1992,1000
Somalia,1993,1200
Somalia,1994,1400
Somalia,1995,1700
Somalia,1996,1900
Somalia,1997,2100
Somalia,1998,2300
Somalia,1999,2500
Somalia,2000,2700
Somalia,2001,2800
Somalia,2002,2900
Somalia,2003,3000
Somalia,2004,3100
Somalia,2005,3100
Somalia,2006,3100
Somalia,2007,3100
Somalia,2008,3100
Somalia,2009,3100
Somalia,2010,3100
Serbia,1990,350
Serbia,1991,350
Serbia,1992,350
Serbia,1993,350
Serbia,1994,350
Serbia,1995,350
Serbia,1996,350
Serbia,1997,350
Serbia,1998,350
Serbia,1999,350
Serbia,2000,350
Serbia,2001,350
Serbia,2002,350
Serbia,2003,350
Serbia,2004,350
Serbia,2005,150
Serbia,2006,150
Serbia,2007,150
Serbia,2008,60
Serbia,2009,60
Serbia,2010,150
South Sudan,1990,
South Sudan,1991,
South Sudan,1992,
South Sudan,1993,
South Sudan,1994,
South Sudan,1995,
South Sudan,1996,
South Sudan,1997,
South Sudan,1998,
South Sudan,1999,
South Sudan,2000,
South Sudan,2001,
South Sudan,2002,
South Sudan,2003,
South Sudan,2004,
South Sudan,2005,
South Sudan,2006,
South Sudan,2007,
South Sudan,2008,
South Sudan,2009,
South Sudan,2010,
Sao Tome and Principe,1990,60
Sao Tome and Principe,1991,60
Sao Tome and Principe,1992,60
Sao Tome and Principe,1993,60
Sao Tome and Principe,1994,60
Sao Tome and Principe,1995,60
Sao Tome and Principe,1996,60
Sao Tome and Principe,1997,60
Sao Tome and Principe,1998,60
Sao Tome and Principe,1999,60
Sao Tome and Principe,2000,60
Sao Tome and Principe,2001,60
Sao Tome and Principe,2002,60
Sao Tome and Principe,2003,60
Sao Tome and Principe,2004,60
Sao Tome and Principe,2005,60
Sao Tome and Principe,2006,60
Sao Tome and Principe,2007,60
Sao Tome and Principe,2008,60
Sao Tome and Principe,2009,60
Sao Tome and Principe,2010,60
Suriname,1990,60
Suriname,1991,150
Suriname,1992,150
Suriname,1993,350
Suriname,1994,350
Suriname,1995,350
Suriname,1996,600
Suriname,1997,600
Suriname,1998,600
Suriname,1999,600
Suriname,2000,600
Suriname,2001,600
Suriname,2002,600
Suriname,2003,600
Suriname,2004,600
Suriname,2005,600
Suriname,2006,600
Suriname,2007,600
Suriname,2008,350
Suriname,2009,350
Suriname,2010,350
Slovak Republic,1990,60
Slovak Republic,1991,60
Slovak Republic,1992,60
Slovak Republic,1993,60
Slovak Republic,1994,60
Slovak Republic,1995,60
Slovak Republic,1996,60
Slovak Republic,1997,60
Slovak Republic,1998,60
Slovak Republic,1999,60
Slovak Republic,2000,60
Slovak Republic,2001,60
Slovak Republic,2002,60
Slovak Republic,2003,60
Slovak Republic,2004,60
Slovak Republic,2005,60
Slovak Republic,2006,60
Slovak Republic,2007,60
Slovak Republic,2008,60
Slovak Republic,2009,60
Slovak Republic,2010,60
Slovenia,1990,60
Slovenia,1991,60
Slovenia,1992,60
Slovenia,1993,60
Slovenia,1994,60
Slovenia,1995,60
Slovenia,1996,60
Slovenia,1997,60
Slovenia,1998,60
Slovenia,1999,60
Slovenia,2000,60
Slovenia,2001,60
Slovenia,2002,60
Slovenia,2003,60
Slovenia,2004,60
Slovenia,2005,60
Slovenia,2006,60
Slovenia,2007,60
Slovenia,2008,60
Slovenia,2009,60
Slovenia,2010,60
Sweden,1990,60
Sweden,1991,60
Sweden,1992,60
Sweden,1993,150
Sweden,1994,150
Sweden,1995,350
Sweden,1996,150
Sweden,1997,150
Sweden,1998,150
Sweden,1999,60
Sweden,2000,60
Sweden,2001,60
Sweden,2002,60
Sweden,2003,60
Sweden,2004,60
Sweden,2005,60
Sweden,2006,60
Sweden,2007,60
Sweden,2008,60
Sweden,2009,60
Sweden,2010,60
Eswatini,1990,350
Eswatini,1991,600
Eswatini,1992,600
Eswatini,1993,600
Eswatini,1994,1300
Eswatini,1995,1800
Eswatini,1996,2400
Eswatini,1997,3000
Eswatini,1998,3800
Eswatini,1999,4700
Eswatini,2000,5700
Eswatini,2001,6700
Eswatini,2002,7700
Eswatini,2003,8500
Eswatini,2004,9300
Eswatini,2005,9900
Eswatini,2006,9800
Eswatini,2007,9200
Eswatini,2008,8600
Eswatini,2009,8100
Eswatini,2010,7800
Chad,1990,1400
Chad,1991,1700
Chad,1992,2100
Chad,1993,2600
Chad,1994,3200
Chad,1995,3800
Chad,1996,4500
Chad,1997,5200
Chad,1998,6100
Chad,1999,7000
Chad,2000,7900
Chad,2001,8900
Chad,2002,10k
Chad,2003,11k
Chad,2004,12k
Chad,2005,13k
Chad,2006,13k
Chad,2007,13k
Chad,2008,13k
Chad,2009,11k
Chad,2010,
Togo,1990,300
Togo,1991,300
Togo,1992,600
Togo,1993,600
Togo,1994,1300
Togo,1995,1800
Togo,1996,2400
Togo,1997,3200
Togo,1998,4000
Togo,1999,4800
Togo,2000,5600
Togo,2001,6400
Togo,2002,7100
Togo,2003,7600
Togo,2004,8000
Togo,2005,7900
Togo,2006,8000
Togo,2007,8400
Togo,2008,8300
Togo,2009,7700
Togo,2010,
Thailand,1990,1100
Thailand,1991,3600
Thailand,1992,8600
Thailand,1993,16k
Thailand,1994,25k
Thailand,1995,34k
Thailand,1996,42k
Thailand,1997,49k
Thailand,1998,48k
Thailand,1999,55k
Thailand,2000,56k
Thailand,2001,52k
Thailand,2002,47k
Thailand,2003,39k
Thailand,2004,27k
Thailand,2005,21k
Thailand,2006,21k
Thailand,2007,25k
Thailand,2008,28k
Thailand,2009,28k
Thailand,2010,
Tajikistan,1990,60
Tajikistan,1991,60
Tajikistan,1992,60
Tajikistan,1993,60
Tajikistan,1994,60
Tajikistan,1995,60
Tajikistan,1996,60
Tajikistan,1997,120
Tajikistan,1998,120
Tajikistan,1999,120
Tajikistan,2000,120
Tajikistan,2001,120
Tajikistan,2002,300
Tajikistan,2003,300
Tajikistan,2004,300
Tajikistan,2005,300
Tajikistan,2006,300
Tajikistan,2007,300
Tajikistan,2008,300
Tajikistan,2009,300
Tajikistan,2010,
Trinidad and Tobago,1990,60
Trinidad and Tobago,1991,60
Trinidad and Tobago,1992,60
Trinidad and Tobago,1993,150
Trinidad and Tobago,1994,150
Trinidad and Tobago,1995,350
Trinidad and Tobago,1996,350
Trinidad and Tobago,1997,350
Trinidad and Tobago,1998,350
Trinidad and Tobago,1999,600
Trinidad and Tobago,2000,600
Trinidad and Tobago,2001,600
Trinidad and Tobago,2002,600
Trinidad and Tobago,2003,600
Trinidad and Tobago,2004,600
Trinidad and Tobago,2005,600
Trinidad and Tobago,2006,600
Trinidad and Tobago,2007,600
Trinidad and Tobago,2008,600
Trinidad and Tobago,2009,600
Trinidad and Tobago,2010,600
Tunisia,1990,60
Tunisia,1991,60
Tunisia,1992,60
Tunisia,1993,60
Tunisia,1994,60
Tunisia,1995,60
Tunisia,1996,60
Tunisia,1997,60
Tunisia,1998,60
Tunisia,1999,60
Tunisia,2000,60
Tunisia,2001,60
Tunisia,2002,60
Tunisia,2003,60
Tunisia,2004,60
Tunisia,2005,60
Tunisia,2006,60
Tunisia,2007,60
Tunisia,2008,60
Tunisia,2009,60
Tunisia,2010,60
Turkey,1990,60
Turkey,1991,60
Turkey,1992,60
Turkey,1993,60
Turkey,1994,60
Turkey,1995,60
Turkey,1996,60
Turkey,1997,60
Turkey,1998,60
Turkey,1999,60
Turkey,2000,60
Turkey,2001,60
Turkey,2002,60
Turkey,2003,120
Turkey,2004,120
Turkey,2005,120
Turkey,2006,60
Turkey,2007,60
Turkey,2008,60
Turkey,2009,120
Turkey,2010,
Tanzania,1990,22k
Tanzania,1991,30k
Tanzania,1992,40k
Tanzania,1993,51k
Tanzania,1994,63k
Tanzania,1995,76k
Tanzania,1996,89k
Tanzania,1997,100k
Tanzania,1998,110k
Tanzania,1999,120k
Tanzania,2000,120k
Tanzania,2001,130k
Tanzania,2002,130k
Tanzania,2003,130k
Tanzania,2004,130k
Tanzania,2005,130k
Tanzania,2006,130k
Tanzania,2007,120k
Tanzania,2008,100k
Tanzania,2009,96k
Tanzania,2010,91k
Uganda,1990,85k
Uganda,1991,95k
Uganda,1992,100k
Uganda,1993,110k
Uganda,1994,110k
Uganda,1995,110k
Uganda,1996,110k
Uganda,1997,110k
Uganda,1998,110k
Uganda,1999,110k
Uganda,2000,100k
Uganda,2001,100k
Uganda,2002,97k
Uganda,2003,93k
Uganda,2004,89k
Uganda,2005,82k
Uganda,2006,74k
Uganda,2007,74k
Uganda,2008,74k
Uganda,2009,69k
Uganda,2010,66k
Ukraine,1990,60
Ukraine,1991,60
Ukraine,1992,60
Ukraine,1993,60
Ukraine,1994,150
Ukraine,1995,350
Ukraine,1996,600
Ukraine,1997,1400
Ukraine,1998,2600
Ukraine,1999,4300
Ukraine,2000,6400
Ukraine,2001,9000
Ukraine,2002,12k
Ukraine,2003,15k
Ukraine,2004,18k
Ukraine,2005,20k
Ukraine,2006,21k
Ukraine,2007,23k
Ukraine,2008,23k
Ukraine,2009,23k
Ukraine,2010,23k
Uruguay,1990,60
Uruguay,1991,60
Uruguay,1992,60
Uruguay,1993,60
Uruguay,1994,60
Uruguay,1995,60
Uruguay,1996,150
Uruguay,1997,150
Uruguay,1998,350
Uruguay,1999,350
Uruguay,2000,350
Uruguay,2001,350
Uruguay,2002,350
Uruguay,2003,600
Uruguay,2004,600
Uruguay,2005,600
Uruguay,2006,600
Uruguay,2007,600
Uruguay,2008,600
Uruguay,2009,600
Uruguay,2010,600
United States,1990,32k
United States,1991,39k
United States,1992,45k
United States,1993,51k
United States,1994,56k
United States,1995,59k
United States,1996,59k
United States,1997,38k
United States,1998,33k
United States,1999,25k
United States,2000,20k
United States,2001,20k
United States,2002,20k
United States,2003,20k
United States,2004,20k
United States,2005,20k
United States,2006,20k
United States,2007,20k
United States,2008,19k
United States,2009,19k
United States,2010,20k
Uzbekistan,1990,60
Uzbekistan,1991,60
Uzbekistan,1992,60
Uzbekistan,1993,60
Uzbekistan,1994,60
Uzbekistan,1995,60
Uzbekistan,1996,60
Uzbekistan,1997,60
Uzbekistan,1998,60
Uzbekistan,1999,60
Uzbekistan,2000,60
Uzbekistan,2001,60
Uzbekistan,2002,60
Uzbekistan,2003,60
Uzbekistan,2004,60
Uzbekistan,2005,120
Uzbekistan,2006,120
Uzbekistan,2007,300
Uzbekistan,2008,300
Uzbekistan,2009,300
Uzbekistan,2010,
Venezuela,1990,1100
Venezuela,1991,1300
Venezuela,1992,1500
Venezuela,1993,1700
Venezuela,1994,2000
Venezuela,1995,2200
Venezuela,1996,2500
Venezuela,1997,2800
Venezuela,1998,3100
Venezuela,1999,3400
Venezuela,2000,3700
Venezuela,2001,3800
Venezuela,2002,3400
Venezuela,2003,3000
Venezuela,2004,2800
Venezuela,2005,2700
Venezuela,2006,2700
Venezuela,2007,2800
Venezuela,2008,3000
Venezuela,2009,3200
Venezuela,2010,3100
Vietnam,1990,300
Vietnam,1991,300
Vietnam,1992,600
Vietnam,1993,600
Vietnam,1994,1000
Vietnam,1995,1300
Vietnam,1996,1700
Vietnam,1997,2200
Vietnam,1998,2800
Vietnam,1999,3600
Vietnam,2000,4500
Vietnam,2001,5500
Vietnam,2002,6800
Vietnam,2003,8200
Vietnam,2004,9800
Vietnam,2005,11k
Vietnam,2006,13k
Vietnam,2007,13k
Vietnam,2008,14k
Vietnam,2009,14k
Vietnam,2010,
Yemen,1990,60
Yemen,1991,60
Yemen,1992,60
Yemen,1993,60
Yemen,1994,60
Yemen,1995,60
Yemen,1996,60
Yemen,1997,150
Yemen,1998,150
Yemen,1999,350
Yemen,2000,350
Yemen,2001,350
Yemen,2002,600
Yemen,2003,600
Yemen,2004,600
Yemen,2005,600
Yemen,2006,1100
Yemen,2007,1200
Yemen,2008,1300
Yemen,2009,1400
Yemen,2010,1500
South Africa,1990,2200
South Africa,1991,3600
South Africa,1992,5900
South Africa,1993,9800
South Africa,1994,16k
South Africa,1995,26k
South Africa,1996,41k
South Africa,1997,61k
South Africa,1998,89k
South Africa,1999,120k
South Africa,2000,160k
South Africa,2001,210k
South Africa,2002,260k
South Africa,2003,300k
South Africa,2004,340k
South Africa,2005,370k
South Africa,2006,390k
South Africa,2007,390k
South Africa,2008,380k
South Africa,2009,340k
South Africa,2010,300k
Zambia,1990,23k
Zambia,1991,29k
Zambia,1992,34k
Zambia,1993,39k
Zambia,1994,44k
Zambia,1995,49k
Zambia,1996,53k
Zambia,1997,57k
Zambia,1998,60k
Zambia,1999,63k
Zambia,2000,66k
Zambia,2001,68k
Zambia,2002,69k
Zambia,2003,71k
Zambia,2004,70k
Zambia,2005,65k
Zambia,2006,60k
Zambia,2007,49k
Zambia,2008,42k
Zambia,2009,45k
Zambia,2010,
Zimbabwe,1990,23k
Zimbabwe,1991,32k
Zimbabwe,1992,43k
Zimbabwe,1993,55k
Zimbabwe,1994,68k
Zimbabwe,1995,82k
Zimbabwe,1996,96k
Zimbabwe,1997,110k
Zimbabwe,1998,120k
Zimbabwe,1999,140k
Zimbabwe,2000,150k
Zimbabwe,2001,150k
Zimbabwe,2002,160k
Zimbabwe,2003,160k
Zimbabwe,2004,150k
Zimbabwe,2005,150k
Zimbabwe,2006,140k
Zimbabwe,2007,130k
Zimbabwe,2008,110k
Zimbabwe,2009,98k
Zimbabwe,2010,78k
